season,match_id,match_name,home_team,away_team,venue,city,country,current_innings,innings_id,name,fullName,runs,ballsFaced,minutes,fours,sixes,strikeRate,captain,isNotOut,runningScore,runningOver,shortText,commentary,link
2023,1359483,KKR v RCB,KKR,RCB,"Eden Gardens, Kolkata",Kolkata,India,KKR,1,Rahmanullah Gurbaz,Rahmanullah Gurbaz,57,44,58,6,3,129.54,False,False,"{'wickets': 4, 'runs': 89}",11.2,c Akash Deep b Sharma,"that is one way to get out. Almost nail the reverse-sweep but find short third with it. This is on a length, outside off, and he middles it with the reverse. Except that he has played it finer than he wants to. Straight to short third",
2023,1359483,KKR v RCB,KKR,RCB,"Eden Gardens, Kolkata",Kolkata,India,KKR,1,VR Iyer,Venkatesh Iyer,3,7,18,0,0,42.85,False,False,"{'wickets': 1, 'runs': 26}",3.2, b Willey,"timber. This has jagged back in to hit the middle stump. He has missed this by a long way. Willey stays on a length, just outside off, Iyer likes to play off the back foot, and tries to muscle it through the off side. The seam movement beats him by six inches at least",
2023,1359483,KKR v RCB,KKR,RCB,"Eden Gardens, Kolkata",Kolkata,India,KKR,1,Mandeep Singh,Mandeep Singh,0,1,2,0,0,0.00,False,False,"{'wickets': 2, 'runs': 26}",3.3, b Willey,"and he is already the old batter. How has that hit the off stump? Left-arm quick, hitting the off stump of a right-hand batter usually happens when the ball is swinging back in or if the batter is going hammer and tongs. This one, though, is a wobble-seam delivery that lands on middle and off, seams away to beat Mandeep's defensive prod, and still manages to clip the off stump. Mandeep is squared up",
2023,1359483,KKR v RCB,KKR,RCB,"Eden Gardens, Kolkata",Kolkata,India,KKR,1,N Rana,Nitish Rana,1,5,17,0,0,20.00,True,False,"{'wickets': 3, 'runs': 47}",6.1,c &dagger;Karthik b Bracewell,"big appeal for a catch as Rana reverse-sweeps first ball. Not given on the field, and they review after much discussion. Replays show this has come straight off the glove. Rana shapes up fort the shot early, Bracewell gets some bounce to go past the top of the bat and take the glove to lob up for catch for Karthik",
2023,1359483,KKR v RCB,KKR,RCB,"Eden Gardens, Kolkata",Kolkata,India,KKR,1,RK Singh,Rinku Singh,46,33,64,2,3,139.39,False,False,"{'wickets': 6, 'runs': 192}",18.6,c &dagger;Karthik b Patel,"misses out on the fifty but he has played an important hand. Harshal bowls the slower bouncer, Rinku tries to get inside the line to try to go over short fine, but ends up gloving it to the keeper. Shah Rukh Khan gives him a standing applause",
2023,1359483,KKR v RCB,KKR,RCB,"Eden Gardens, Kolkata",Kolkata,India,KKR,1,AD Russell,Andre Russell,0,1,2,0,0,0.00,False,False,"{'wickets': 5, 'runs': 89}",11.3,c Kohli b Sharma,"and his stay is short. Just one ball long. Russell is looking for a six first ball, and he gets a full enough ball, but he has not been able to connect properly at all. Easy catch for long-off, well off the boundary line. Not even close to a six",
2023,1359483,KKR v RCB,KKR,RCB,"Eden Gardens, Kolkata",Kolkata,India,KKR,1,SN Thakur,Shardul Thakur,68,29,45,9,3,234.48,False,False,"{'wickets': 7, 'runs': 198}",19.4,c Maxwell b Mohammed Siraj,finally Thakur finds a fielder. Siraj also bowls to his field for a change. Wide bouncer with the mid-off up. Thakur goes for the pull but there is no way to control it from that height and that line. Gets a big top edge to long-on. That ends a sensational innings from Thakur,
2023,1359483,KKR v RCB,KKR,RCB,"Eden Gardens, Kolkata",Kolkata,India,KKR,1,SP Narine,Sunil Narine,0,1,6,0,0,0.00,False,True,{},,not out,,
2023,1359483,KKR v RCB,KKR,RCB,"Eden Gardens, Kolkata",Kolkata,India,KKR,1,UT Yadav,Umesh Yadav,6,2,2,1,0,300.00,False,True,{},,not out,,
2023,1359483,KKR v RCB,KKR,RCB,"Eden Gardens, Kolkata",Kolkata,India,RCB,2,V Kohli,Virat Kohli,21,18,20,3,0,116.66,False,False,"{'wickets': 1, 'runs': 44}",4.5, b Narine,"<strong>gone, the off stump is plucked!</strong> Eden is up in celebration. Kohli went to play across the line, but missed this fullish ball which pitched just outside off. It was flicked from the front of the hand, and turned in nicely enough for Narine to strike in his first over. RCB lose an early wicket in a big chase",
2023,1359483,KKR v RCB,KKR,RCB,"Eden Gardens, Kolkata",Kolkata,India,RCB,2,F du Plessis,Faf du Plessis,23,12,24,2,2,191.66,True,False,"{'wickets': 2, 'runs': 46}",5.2, b Varun,"<strong>another mystery spinner strikes for KKR!</strong> Now du Plessis' turn to be cleaned up. Varun tosses it up a bit, and goes on a slightly shorter side of a length outside off. That was bowled from back of the hand, and hinted to turn in, as du Plessis went for an expansive drive but got an inside edge. RCB's chase gets derailed just after they had started well",
2023,1359483,KKR v RCB,KKR,RCB,"Eden Gardens, Kolkata",Kolkata,India,RCB,2,MG Bracewell,Michael Bracewell,19,18,33,1,1,105.55,False,False,"{'wickets': 6, 'runs': 83}",11.3,c Rana b Thakur,"<strong>gloved to short fine!</strong> Good catch by Rana tumbling forward. Thakur banged it in short again - this time to the left-hander - and pitched it just about on leg stump. Bracewell pulled, but the extra bounce played a part in him not timing it well. The ball ballooned up for a good take by the KKR captain",
2023,1359483,KKR v RCB,KKR,RCB,"Eden Gardens, Kolkata",Kolkata,India,RCB,2,GJ Maxwell,Glenn Maxwell,5,7,9,1,0,71.42,False,False,"{'wickets': 3, 'runs': 54}",7.2, b Varun,"<strong>bowled him again!</strong> Once again it's the off stump that is uprooted. From the back of the hand, and on the shorter side of a length. That pitched just outside off, and turned in and bounced nicely enough for the bowler's liking, as Maxwell went swinging hard and across the line, but was completely foxed. He lost his shape, as Varun struck again",
2023,1359483,KKR v RCB,KKR,RCB,"Eden Gardens, Kolkata",Kolkata,India,RCB,2,HV Patel,Harshal Patel,0,2,3,0,0,0.00,False,False,"{'wickets': 4, 'runs': 54}",7.4, b Varun,"<strong>another inside edge, and bowled him again!</strong> That was quicker from Varun too, and was another googly. That is now four bowleds. Bowls from the back of the hand - and the googly - on a good length outside off. Harshal goes pushing hard, as the turn in finds the gap between his bat and pad. This time it is the middle and leg stumps that are disturbed",
2023,1359483,KKR v RCB,KKR,RCB,"Eden Gardens, Kolkata",Kolkata,India,RCB,2,Shahbaz Ahmed,Shahbaz Ahmed,1,5,6,0,0,20.00,False,False,"{'wickets': 5, 'runs': 61}",8.5,c Thakur b Narine,"<strong>picks deep point!</strong> That was actually well struck, as Shahbaz went reverse sweeping. The fielder in the deep moved a few steps to right to gobble that. Narine went much fuller this time, angling it into the left-hander, as the ball ended on off stump. Shahbaz rolled his wrists and struck nicely, only to unfortunately find the fielder",
2023,1359483,KKR v RCB,KKR,RCB,"Eden Gardens, Kolkata",Kolkata,India,RCB,2,KD Karthik,Dinesh Karthik,9,8,23,1,0,112.50,False,False,"{'wickets': 8, 'runs': 86}",12.5,c Varun b Suyash Sharma,"<strong>another one finds short third!</strong> Suyash strikes again, as the mystery spinners continue to have a roll. This one was full and a bit loopy outside off, inviting the big loft from the batter, with Karthik going for it. The ball took off from the outside edge, and flew to short third's right for a simple take",
2023,1359483,KKR v RCB,KKR,RCB,"Eden Gardens, Kolkata",Kolkata,India,RCB,2,Anuj Rawat,Anuj Rawat,1,5,5,0,0,20.00,False,False,"{'wickets': 7, 'runs': 84}",12.2,c Narine b Suyash Sharma,"<strong>finds short third!</strong> Impact Sub gets his counterpart. Top-edged to the fielder there, as he saw this full delivery tossed up just outside off. It hinted to turn away - as Suyash had good revs on the ball - with Rawat going for the big heave across the line. But he got a top edge, and found the fielder",
2023,1359483,KKR v RCB,KKR,RCB,"Eden Gardens, Kolkata",Kolkata,India,RCB,2,DJ Willey,David Willey,20,20,28,2,0,100.00,False,True,{},,not out,,
2023,1359483,KKR v RCB,KKR,RCB,"Eden Gardens, Kolkata",Kolkata,India,RCB,2,KV Sharma,Karn Sharma,1,3,11,0,0,33.33,False,False,"{'wickets': 9, 'runs': 96}",14.3,c Rana b Suyash Sharma,"An animated appeal by Suyash, and not given. The ball went to the slip fielder after Karn missed his sweep, and <b>KKR review</b>. That was bowled from the back of the hand, on a full length on middle and off. Karn swept but missed, and there looks like no bat involved. Ah, UltraEdge detects a faint bottom edge. But Karn is gone even then, since the ball had carried to slip. So he is given caught, and Suyash has his third",
2023,1359483,KKR v RCB,KKR,RCB,"Eden Gardens, Kolkata",Kolkata,India,RCB,2,Akash Deep,Akash Deep,17,8,14,2,1,212.50,False,False,"{'wickets': 10, 'runs': 123}",17.4,c &amp; b Varun,"<strong>very good catch by Varun!</strong> He ended up where an imaginary midwicket fielder would have been, diving forward to complete the catch. There were two others rushing towards the ball, but Varun kept his eyes on it, not getting distracted by Gurbaz reaching so close to his left. The ball was flirted up right into the clouds, as Deep went heaving at this full ball, only to get a top edge. <b>KKR win by 81 runs</b>",
2023,1359482,RR v PBKS,PBKS,RR,"Barsapara Cricket Stadium, Guwahati",Guwahati,India,PBKS,1,Prabhsimran Singh,Prabhsimran Singh,60,34,49,7,3,176.47,False,False,"{'wickets': 1, 'runs': 90}",9.4,c Buttler b Holder,"<strong>Buttler with a sensational diving catch diving forward after charging in from long-off! </strong> Length ball on the wide guideline, Prabhsimran tries to pull this to the leg side but it comes off the toe and pops up over mid-off. Buttler has 25+ yards to cover but never hesitates and makes it almost to the edge of the circle before launching himself forward and pulling off the catch at ankle height. 10/10 on the judge's scorecards by the panel from Russia, Brazili, New Zealand, Lesotho, Panama and Iceland.",
2023,1359482,RR v PBKS,PBKS,RR,"Barsapara Cricket Stadium, Guwahati",Guwahati,India,PBKS,1,S Dhawan,Shikhar Dhawan,86,56,113,9,3,153.57,True,True,{},,not out,,
2023,1359482,RR v PBKS,PBKS,RR,"Barsapara Cricket Stadium, Guwahati",Guwahati,India,PBKS,1,PBB Rajapaksa,Bhanuka Rajapaksa,1,1,3,0,0,100.00,False,False,"{'wickets': 1, 'runs': 92}",10.1,retired hurt,"<strong>man down! Rajapaksa is nailed at the non-striker's end by a scorching drive from Shikhar. </strong> Full on sixth stump, Shikhar heaves this flat and Rajapaksa can't get out of the way of this as it drills him in the right arm.",
2023,1359482,RR v PBKS,PBKS,RR,"Barsapara Cricket Stadium, Guwahati",Guwahati,India,PBKS,1,JM Sharma,Jitesh Sharma,27,16,31,2,1,168.75,False,False,"{'wickets': 2, 'runs': 158}",15.4,c Parag b Chahal,"low full toss on fifth stump, charges and tries to slap this over long-off but it comes too low off the bat at ankle height and hangs up for an easy catch taken by Riyan Parag 10 yards in from the rope at chest height.",
2023,1359482,RR v PBKS,PBKS,RR,"Barsapara Cricket Stadium, Guwahati",Guwahati,India,PBKS,1,Sikandar Raza,Sikandar Raza,1,2,2,0,0,50.00,False,False,"{'wickets': 3, 'runs': 159}",16.1, b Ashwin,<strong>bullseye!</strong> Good length carrom ball darted in at 96 kph on off stump and skids away past a flat-footed poke to flick the outer half of off stump 3/4 of the way up.,
2023,1359482,RR v PBKS,PBKS,RR,"Barsapara Cricket Stadium, Guwahati",Guwahati,India,PBKS,1,M Shahrukh Khan,M Shahrukh Khan,11,10,23,1,0,110.00,False,False,"{'wickets': 4, 'runs': 196}",19.4,c Buttler b Holder,"full in the slot slanted across eighth stump, Shahrukh goes to drive this over long-on but comes more off the toe. Buttler puts in another brilliant effort charging in from the rope 20 yards. The previous catch he took diving head first. This time he slides feet first to get his body under control and takes a knee height catch in front of his chest. Technically very different from his first approach, but equally flawless.",
2023,1359482,RR v PBKS,PBKS,RR,"Barsapara Cricket Stadium, Guwahati",Guwahati,India,PBKS,1,SM Curran,Sam Curran,1,2,3,0,0,50.00,False,True,{},,not out,,
2023,1359482,RR v PBKS,PBKS,RR,"Barsapara Cricket Stadium, Guwahati",Guwahati,India,RR,2,YBK Jaiswal,Yashasvi Jaiswal,11,8,12,1,1,137.50,False,False,"{'wickets': 1, 'runs': 13}",1.3,c sub (MW Short) b Arshdeep Singh,"fullish length ball on sixth stump, drives loosely to extra cover. Basic catch taken at waist height. Fielder didn't have to move left or right. Matthew Short, on as a sub for Rajapaksa who was injured batting, takes the catch sliding forward on his haunches in front of his chest.",
2023,1359482,RR v PBKS,PBKS,RR,"Barsapara Cricket Stadium, Guwahati",Guwahati,India,RR,2,R Ashwin,Ravichandran Ashwin,0,4,23,0,0,0.00,False,False,"{'wickets': 2, 'runs': 26}",3.2,c S Dhawan b Arshdeep Singh,"<strong>the Ashwin experiment blows up, but not in the way that Rajasthan were hoping.</strong> Length ball on fifth stump, tries to pull this over mid-on but the ball climbs on him and produces a top-edge that floats in the air behind mid-on. Shikhar backpedals 10 yards before taking a catch at chest height.",
2023,1359482,RR v PBKS,PBKS,RR,"Barsapara Cricket Stadium, Guwahati",Guwahati,India,RR,2,JC Buttler,Jos Buttler,19,11,24,1,1,172.72,False,False,"{'wickets': 3, 'runs': 57}",5.4,c &amp; b Ellis,"<strong>somewhat bizarre caught and bowled, but very athletic from Ellis!</strong> Good length ball on fourth stump, goes to drive straight and an inside edge comes off the pads and balloons up over short/silly mid-off. Ellis charges forward to corral a sliding take at knee height.",
2023,1359482,RR v PBKS,PBKS,RR,"Barsapara Cricket Stadium, Guwahati",Guwahati,India,RR,2,SV Samson,Sanju Samson,42,25,39,5,1,168.00,True,False,"{'wickets': 4, 'runs': 91}",10.6,c sub (MW Short) b Ellis,"full on fourth stump, tries to muscle this flat over long-off but picks out Matthew Short five yards inside the ring to take a catch at head height. Aussie tag team produces a wicket.",
2023,1359482,RR v PBKS,PBKS,RR,"Barsapara Cricket Stadium, Guwahati",Guwahati,India,RR,2,D Padikkal,Devdutt Padikkal,21,26,47,1,0,80.76,False,False,"{'wickets': 6, 'runs': 124}",14.6, b Ellis,<strong>bullseye!</strong> Ellis finally puts Padikkal out of his misery. Preity Zinta is up on her feet on the owner's balcony loving this with big applause. Length ball cross seam at full pace skids past a front foot pull and crashes into middle and off stump 3/4 of the way up.,
2023,1359482,RR v PBKS,PBKS,RR,"Barsapara Cricket Stadium, Guwahati",Guwahati,India,RR,2,R Parag,Riyan Parag,20,12,16,1,2,166.66,False,False,"{'wickets': 5, 'runs': 121}",14.1,c Shahrukh Khan b Ellis,"full pace cross-seam delivery in the slot on fifth stump, Parag tries to launch this over long-off but skews it off the splice and it skies toward long-off. Shahrukh Khan comes in 20 yards off the rope and has to wait an eternity for the ball to come down before taking a simple catch.",
2023,1359482,RR v PBKS,PBKS,RR,"Barsapara Cricket Stadium, Guwahati",Guwahati,India,RR,2,SO Hetmyer,Shimron Hetmyer,36,18,35,1,3,200.00,False,False,"{'wickets': 7, 'runs': 186}",19.3,run out (Shahrukh Khan/Curran),"yorker is spot on fifth stump, jammed out to long-off for one. Hetmyer turns back for a suicide two, but Jurel didn't get the memo and stands pat for one. Hetmyer wanted the strike and winds up near the striker's end before giving up. The relay comes back to Curran, who takes the bails off disdainfully.",
2023,1359482,RR v PBKS,PBKS,RR,"Barsapara Cricket Stadium, Guwahati",Guwahati,India,RR,2,DC Jurel,Dhruv Jurel,32,15,32,3,2,213.33,False,True,{},,not out,,
2023,1359482,RR v PBKS,PBKS,RR,"Barsapara Cricket Stadium, Guwahati",Guwahati,India,RR,2,JO Holder,Jason Holder,1,1,4,0,0,100.00,False,True,{},,not out,,
2023,1359481,DC v GT,DC,GT,"Arun Jaitley Stadium, Delhi",Delhi,India,DC,1,DA Warner,David Warner,37,32,48,7,0,115.62,True,False,"{'wickets': 3, 'runs': 67}",8.2, b Joseph,"<strong>Warner plays on and it's that angled bat that once again has brought about his downfall!</strong> On a length just outside off, was 145.5kph that delivery. He shapes for the cut, but the ball is quite close to him. Evetually, a thick inside-edge is all he gets that clatters into his stumps. Delight for Joseph, dismay for Warner.",
2023,1359481,DC v GT,DC,GT,"Arun Jaitley Stadium, Delhi",Delhi,India,DC,1,PP Shaw,Prithvi Shaw,7,5,17,1,0,140.00,False,False,"{'wickets': 1, 'runs': 29}",2.4,c Joseph b Mohammed Shami,"<strong>Short ball does the trick for Shami!</strong> Banged in short, and hurries Shaw, whose weight was forward. He still tries to got for the pull, but can only get a top-edge with the ball ballooning straight up for mid-on to take a comfortable catch.",
2023,1359481,DC v GT,DC,GT,"Arun Jaitley Stadium, Delhi",Delhi,India,DC,1,MR Marsh,Mitchell Marsh,4,4,10,1,0,100.00,False,False,"{'wickets': 2, 'runs': 37}",4.2, b Mohammed Shami,"<strong>Cleans him up, and Shami has his second!</strong> Length ball with a bit of shape away from the batter. He looks to push through the off-side, without any foot movement and is caught on the crease. Can only manage a thick inside-edge as the ball rattles his off and middle poles.",
2023,1359481,DC v GT,DC,GT,"Arun Jaitley Stadium, Delhi",Delhi,India,DC,1,SN Khan,Sarfaraz Khan,30,34,66,2,0,88.23,False,False,"{'wickets': 6, 'runs': 130}",16.2,c Little b Rashid Khan,"<strong>Goes for a sweep again, gets a top-edge and Little makes no mistake at deep backward square leg.</strong> Slightly slower through the air, outside off. He lines up for that sweep, but can only mistime it this time around. The ball goes high up and Little, I think misjudged the catch initially, but held on.",
2023,1359481,DC v GT,DC,GT,"Arun Jaitley Stadium, Delhi",Delhi,India,DC,1,RR Rossouw,Rilee Rossouw,0,1,4,0,0,0.00,False,False,"{'wickets': 4, 'runs': 67}",8.3,c Tewatia b Joseph,"<strong>Oh, what a snorter of a delivery first up, and has Tewatia pulled off a blinder at point?</strong> Yes,s he has! Banged in short with the line shoulder-high. Rossouw was not expecting this first ball. Fends at it awkwardly with the ball going to point. Tewatia dives forward and seems to have picked put a beauty. The third umpire has been called for, and he deems that has carried clearly into Tewatia's hands. Joseph bowled that at 146kph and Rossouw had no answers.",
2023,1359481,DC v GT,DC,GT,"Arun Jaitley Stadium, Delhi",Delhi,India,DC,1,Abishek Porel,Abishek Porel,20,11,25,0,2,181.81,False,False,"{'wickets': 5, 'runs': 101}",12.2, b Rashid Khan,"<strong>Takes two balls to create an impact! What a bowler, what a cricketer!</strong> Fuller, bowled at 94.3kph. Porel plays all around it, and sees his stumps in a mess. Was nowhere near it. Lost his balance, lost his footwork. Can't keep Rashid out of the game for too long.",
2023,1359481,DC v GT,DC,GT,"Arun Jaitley Stadium, Delhi",Delhi,India,DC,1,AR Patel,Axar Patel,36,22,33,2,3,163.63,False,False,"{'wickets': 8, 'runs': 158}",19.4,c Miller b Mohammed Shami,"On a length outside off and Axar hits it straight to David Miller at deep cover. Was in Axar's slot, but he was a touch legside and slightly off-balanced when looking to cream that away. Does not get enough connection and Miller gobbles it up.",
2023,1359481,DC v GT,DC,GT,"Arun Jaitley Stadium, Delhi",Delhi,India,DC,1,Aman Hakim Khan,Aman Hakim Khan,8,8,10,0,1,100.00,False,False,"{'wickets': 7, 'runs': 148}",18.4,c Pandya b Rashid Khan,"<b>Nope, not happening twice, says Rashid!</b> Legbreak with a hint of over-spin on the ball. Was just on and around off. He looks for a slog sweep second time around, gets a massive top-edge as the ball goes straight up. Pandya completes a catch at extra cover.",
2023,1359481,DC v GT,DC,GT,"Arun Jaitley Stadium, Delhi",Delhi,India,DC,1,Kuldeep Yadav,Kuldeep Yadav,1,1,7,0,0,100.00,False,True,{},,not out,,
2023,1359481,DC v GT,DC,GT,"Arun Jaitley Stadium, Delhi",Delhi,India,DC,1,A Nortje,Anrich Nortje,4,2,1,1,0,200.00,False,True,{},,not out,,
2023,1359481,DC v GT,DC,GT,"Arun Jaitley Stadium, Delhi",Delhi,India,GT,2,WP Saha,Wriddhiman Saha,14,7,9,2,1,200.00,False,False,"{'wickets': 1, 'runs': 22}",2.1, b Nortje,"<strong>Roaring start in IPL 2023 for Nortje!</strong> A 143 kph missile slanting in to Saha, cramps him for room and does him for pace. It is the nip-backer. Saha hops and looks to defend but gets beaten on the inside. The ball goes off his pads and disturbs the stumps. Titans lose their first.",
2023,1359481,DC v GT,DC,GT,"Arun Jaitley Stadium, Delhi",Delhi,India,GT,2,Shubman Gill,Shubman Gill,14,13,19,3,0,107.69,False,False,"{'wickets': 2, 'runs': 36}",4.1, b Nortje,"<strong>Jaffa! Nortje is well and truly making his presence in the IPL!</strong> It is a fireball at 148.8 kph. Gill, even in the excellent form that he is in, has no answer to that. It was speared in on a length around off, jags back in a touch. Gill was on the back foot and looks to defend but is beaten by the movement and is knocked over.",
2023,1359481,DC v GT,DC,GT,"Arun Jaitley Stadium, Delhi",Delhi,India,GT,2,B Sai Sudharsan,Sai Sudharsan,62,48,92,4,2,129.16,False,True,{},,not out,,
2023,1359481,DC v GT,DC,GT,"Arun Jaitley Stadium, Delhi",Delhi,India,GT,2,HH Pandya,Hardik Pandya,5,4,12,1,0,125.00,True,False,"{'wickets': 3, 'runs': 54}",5.6,c &dagger;Abishek Porel b Ahmed,<strong>And Khaleel gets the big fish Pandya!</strong> This is what Capitals wanted from Khaleel and he has delivered. Lands it on a length and gets it to come back in to off. Pandya is forced to play at that and pushes at it a touch. Ends up getting a thick outside edge and Porel has his first catch in IPL cricket.,
2023,1359481,DC v GT,DC,GT,"Arun Jaitley Stadium, Delhi",Delhi,India,GT,2,V Shankar,Vijay Shankar,29,23,40,3,0,126.08,False,False,"{'wickets': 4, 'runs': 107}",13.2,lbw b Marsh,"<strong>Hugeeee appeal, the umpire stays unmoved again!</strong> Marsh cannot believe it and asks Warmer to review it. It is the slower one bowled full on middle and leg, Vijay is done in by the lack of pace and is early into his flick and misses the ball. Is hit what seems to be adjacent.<strong> The ball tracker confirms the same - three reds! </strong> The Arun Jaitley Stadium has just found its voice back.",
2023,1359481,DC v GT,DC,GT,"Arun Jaitley Stadium, Delhi",Delhi,India,GT,2,DA Miller,David Miller,31,16,28,2,2,193.75,False,True,{},,not out,,
2023,1359480,CSK v LSG,CSK,LSG,"MA Chidambaram Stadium, Chepauk, Chennai",Chennai,India,CSK,1,RD Gaikwad,Ruturaj Gaikwad,57,31,55,3,4,183.87,False,False,"{'wickets': 1, 'runs': 110}",9.1,c Wood b Ravi Bishnoi,"<b>and right away, Bishnoi finally collars one of the openers!</b> Fullish length ball flighted on fifth stump, Gaikwad goes for a slog sweep over midwicket and the turn away plus some extra bounce produces a top edge that swirls to short third man. Tremendous athletic take by the fielder leaping up to reach high above his head while backpedaling from the edge of the circle.",
2023,1359480,CSK v LSG,CSK,LSG,"MA Chidambaram Stadium, Chepauk, Chennai",Chennai,India,CSK,1,DP Conway,Devon Conway,47,29,62,5,2,162.06,False,False,"{'wickets': 2, 'runs': 118}",10.2,c Pandya b Wood,"<strong>Krunal and Wood team up to put a leash on Conway!</strong> Short ball on the stumps, hustled for pace trying to pull over midwicket, it hangs up in the air long enough for Krunal to charge in off the rope covering 20 yards before putting in a diving effort to latch onto this at ankle height. Superb effort!",
2023,1359480,CSK v LSG,CSK,LSG,"MA Chidambaram Stadium, Chepauk, Chennai",Chennai,India,CSK,1,S Dube,Shivam Dube,27,16,22,1,3,168.75,False,False,"{'wickets': 3, 'runs': 150}",13.5,c Wood b Ravi Bishnoi,"googly flighted full on leg stump giving it more air again at 93 kph, Dube goes for another booming slog and top edges this spinning away from him with the ball swirling off the bat toward short third man. Very basic catch taken by Wood this time on the ring waiting for the ball to come down at head height.",
2023,1359480,CSK v LSG,CSK,LSG,"MA Chidambaram Stadium, Chepauk, Chennai",Chennai,India,CSK,1,MM Ali,Moeen Ali,19,13,25,3,0,146.15,False,False,"{'wickets': 4, 'runs': 166}",15.2,st &dagger;Pooran b Ravi Bishnoi,Moeen charges a good length ball and keeps running to the dugout. Nowhere near the pitch of this googly on middle and it spins past Moeen's heave as well as off stump for a simple stumping by Pooran.,
2023,1359480,CSK v LSG,CSK,LSG,"MA Chidambaram Stadium, Chepauk, Chennai",Chennai,India,CSK,1,BA Stokes,Ben Stokes,8,8,16,1,0,100.00,False,False,"{'wickets': 5, 'runs': 178}",16.6,c Yash Thakur b Avesh Khan,slower ball fools Stokes at 123 kph on a fullish length on off stump. Stokes goes to heave this over midwicket but skies a top edge to short third on the ring. Simple catch taken by Thakur bending on his haunches.,
2023,1359480,CSK v LSG,CSK,LSG,"MA Chidambaram Stadium, Chepauk, Chennai",Chennai,India,CSK,1,AT Rayudu,Ambati Rayudu,27,14,26,2,2,192.85,False,True,{},,not out,,
2023,1359480,CSK v LSG,CSK,LSG,"MA Chidambaram Stadium, Chepauk, Chennai",Chennai,India,CSK,1,RA Jadeja,Ravindra Jadeja,3,6,13,0,0,50.00,False,False,"{'wickets': 6, 'runs': 203}",19.1,c Ravi Bishnoi b Wood,"length ball outside leg stump at 143 kph, Jadeja goes to pull and skies this to deep midwicket. Simple catch taken by Bishnoi jogging in from the rope before settling on his knees 10 yards in for a catch on his haunches.",
2023,1359480,CSK v LSG,CSK,LSG,"MA Chidambaram Stadium, Chepauk, Chennai",Chennai,India,CSK,1,MS Dhoni,MS Dhoni,12,3,6,0,2,400.00,True,False,"{'wickets': 7, 'runs': 215}",19.4,c Ravi Bishnoi b Wood,"Dhoni's innings is short and sweet! Length ball wide outside off on the guideline, tries to repeat his first ball slash over third man for six but comes off the toe and swirls to Bishnoi coming in off the sweeper rope for his second catch of the over, taken on his knees 10 yards in from the rope.",
2023,1359480,CSK v LSG,CSK,LSG,"MA Chidambaram Stadium, Chepauk, Chennai",Chennai,India,CSK,1,MJ Santner,Mitchell Santner,1,1,2,0,0,100.00,False,True,{},,not out,,
2023,1359480,CSK v LSG,CSK,LSG,"MA Chidambaram Stadium, Chepauk, Chennai",Chennai,India,LSG,2,KL Rahul,KL Rahul,20,18,42,2,0,111.11,True,False,"{'wickets': 3, 'runs': 82}",7.2,c Gaikwad b Ali,"fullish length ball on middle, Rahul slog sweeps this to wide midwicket. Doesn't come close to getting enough juice on the shot and Gaikwad ranges to his left to take this 15 yards inside the rope at rib height.",
2023,1359480,CSK v LSG,CSK,LSG,"MA Chidambaram Stadium, Chepauk, Chennai",Chennai,India,LSG,2,KR Mayers,Kyle Mayers,53,22,35,8,2,240.90,False,False,"{'wickets': 1, 'runs': 79}",5.3,c Conway b Ali,"full on off, slog sweeps this flat but picks out deep midwicket five yards inside the rope at head height. A ferocious half-century comes to an abrupt end. Conway hardly had to move for the catch.",
2023,1359480,CSK v LSG,CSK,LSG,"MA Chidambaram Stadium, Chepauk, Chennai",Chennai,India,LSG,2,DJ Hooda,Deepak Hooda,2,6,6,0,0,33.33,False,False,"{'wickets': 2, 'runs': 82}",6.6,c Stokes b Santner,"fullish length on fifth stump, tries to slog this over wide long-on but Stokes covers 15 yards to his right, settles and reaches up to snatch this at head height two yards in from the rope. If he wasn't there it was most likely landing just over the rope for six.",
2023,1359480,CSK v LSG,CSK,LSG,"MA Chidambaram Stadium, Chepauk, Chennai",Chennai,India,LSG,2,KH Pandya,Krunal Pandya,9,9,14,0,1,100.00,False,False,"{'wickets': 4, 'runs': 105}",9.6,c Jadeja b Ali,"fullish length on fifth stump, charges and lofts a drive down the ground but doesn't middle it that well, comes off more of the inner half of the bat and picks out Jadeja two yards inside the rope at head height for a basic catch.",
2023,1359480,CSK v LSG,CSK,LSG,"MA Chidambaram Stadium, Chepauk, Chennai",Chennai,India,LSG,2,MP Stoinis,Marcus Stoinis,21,18,26,0,1,116.66,False,False,"{'wickets': 5, 'runs': 130}",13.2, b Ali,"<strong>bullseye!</strong> Good length ball on the stumps, Stoinis backs away from leg trying to heave over wide long-on and misses. The ball spins in and leg stump is knocked back just under the bails.",
2023,1359480,CSK v LSG,CSK,LSG,"MA Chidambaram Stadium, Chepauk, Chennai",Chennai,India,LSG,2,N Pooran,Nicholas Pooran,32,18,28,2,3,177.77,False,False,"{'wickets': 6, 'runs': 156}",15.6,c Stokes b Deshpande,"goes for wide yorker again, doesn't get it full enough and Pooran smokes a blistering drive flat to wide long-off. However, he doesn't get the elevation on it. Stokes on the boundary comes in initially before going back and takes a head height catch two yards in from the rope. If he's not there, it's thudding into the ads for six.",
2023,1359480,CSK v LSG,CSK,LSG,"MA Chidambaram Stadium, Chepauk, Chennai",Chennai,India,LSG,2,A Badoni,Ayush Badoni,23,18,38,0,0,127.77,False,False,"{'wickets': 7, 'runs': 195}",19.3,c &dagger;Dhoni b Deshpande,"full on middle, skies a drive high in the air swirling wide of Dhoni's right. He shuffles over toward the edge of the ring at short third to take a simple catch.",
2023,1359480,CSK v LSG,CSK,LSG,"MA Chidambaram Stadium, Chepauk, Chennai",Chennai,India,LSG,2,K Gowtham,Krishnappa Gowtham,17,11,26,0,1,154.54,False,True,{},,not out,,
2023,1359480,CSK v LSG,CSK,LSG,"MA Chidambaram Stadium, Chepauk, Chennai",Chennai,India,LSG,2,MA Wood,Mark Wood,10,3,2,1,1,333.33,False,True,{},,not out,,
2023,1359479,RCB v MI,MI,RCB,"M.Chinnaswamy Stadium, Bengaluru",Bengaluru,India,MI,1,RG Sharma,Rohit Sharma,1,10,30,0,0,10.00,True,False,"{'wickets': 3, 'runs': 20}",5.2,c &dagger;Karthik b Akash Deep,<b>The drop doesn't prove costly.</b> Was a length ball outside off and Rohit pushed at it without moving his feet. The ball seamed away to take the outside edge. Karthik accepted it gleefully,
2023,1359479,RCB v MI,MI,RCB,"M.Chinnaswamy Stadium, Bengaluru",Bengaluru,India,MI,1,Ishan Kishan,Ishan Kishan,10,13,13,2,0,76.92,False,False,"{'wickets': 1, 'runs': 11}",2.3,c Patel b Mohammed Siraj,<b>taken at deep third.</b> That's the pressure of two dot balls. Was a length ball at the stumps and Kishan looked to pick it up over square leg only to get an outside edge that flew to Harshal,
2023,1359479,RCB v MI,MI,RCB,"M.Chinnaswamy Stadium, Bengaluru",Bengaluru,India,MI,1,C Green,Cameron Green,5,4,6,1,0,125.00,False,False,"{'wickets': 2, 'runs': 16}",3.3, b Topley,"<b>bowled 'im!</b> Full and straight, 137.1kph. Green looks to go hard but all he manages is an inside edge. It hit the bat on the full and crashed into the stumps",
2023,1359479,RCB v MI,MI,RCB,"M.Chinnaswamy Stadium, Bengaluru",Bengaluru,India,MI,1,SA Yadav,Suryakumar Yadav,15,16,35,1,0,93.75,False,False,"{'wickets': 4, 'runs': 48}",8.5,c Shahbaz Ahmed b Bracewell,short of length outside off. Surya goes for the cut but ends up hitting it straight to Shahbaz at backward point. It was at an awkward height but Shahbaz leapt in the air and took it comfortably,
2023,1359479,RCB v MI,MI,RCB,"M.Chinnaswamy Stadium, Bengaluru",Bengaluru,India,MI,1,NT Tilak Varma,Tilak Varma,84,46,85,9,4,182.60,False,True,{},,not out,,
2023,1359479,RCB v MI,MI,RCB,"M.Chinnaswamy Stadium, Bengaluru",Bengaluru,India,MI,1,N Wadhera,Nehal Wadhera,21,13,25,1,2,161.53,False,False,"{'wickets': 5, 'runs': 98}",13.5,c Kohli b Sharma,"<b>third time unlucky.</b> Full on the stumps, Wadhera goes for another big hit but fails to get under it this time. Ends up hitting straight towards Kohli at long-on",
2023,1359479,RCB v MI,MI,RCB,"M.Chinnaswamy Stadium, Bengaluru",Bengaluru,India,MI,1,TH David,Tim David,4,7,11,0,0,57.14,False,False,"{'wickets': 6, 'runs': 105}",15.3, b Sharma,"<B>huge, huge wicket.</b> Full on the stumps. David goes for the slog sweep but misses it altogether. The ball clatters into the stumps",
2023,1359479,RCB v MI,MI,RCB,"M.Chinnaswamy Stadium, Bengaluru",Bengaluru,India,MI,1,HR Shokeen,Hrithik Shokeen,5,3,12,1,0,166.66,False,False,"{'wickets': 7, 'runs': 123}",17.1,c du Plessis b Patel,"<b>an excellent catch by du Plessis</b>. It was full around off from Harshal, Shokeen looked to chip it over mid-off but du Plessis ran sideways to his left, keeping his eyes on the ball. He judged it perfectly and timed his jump well to pouch it with both hands over his shoulder. Completed the catch by tumbling over",
2023,1359479,RCB v MI,MI,RCB,"M.Chinnaswamy Stadium, Bengaluru",Bengaluru,India,MI,1,Arshad Khan,Arshad Khan,15,9,19,0,1,166.66,False,True,{},,not out,,
2023,1359479,RCB v MI,MI,RCB,"M.Chinnaswamy Stadium, Bengaluru",Bengaluru,India,RCB,2,V Kohli,Virat Kohli,82,49,75,6,5,167.34,False,True,{},,not out,,
2023,1359479,RCB v MI,MI,RCB,"M.Chinnaswamy Stadium, Bengaluru",Bengaluru,India,RCB,2,F du Plessis,Faf du Plessis,73,43,66,5,6,169.76,True,False,"{'wickets': 1, 'runs': 148}",14.5,c David b Arshad Khan,"<strong>Slower length ball that is ballooned straight up and David ain't dropping those!</strong> Angled across Faf, who is not able to get the pace off the surface. Loses his shape and ends up lofting the ball to long-on.",
2023,1359479,RCB v MI,MI,RCB,"M.Chinnaswamy Stadium, Bengaluru",Bengaluru,India,RCB,2,KD Karthik,Dinesh Karthik,0,3,6,0,0,0.00,False,False,"{'wickets': 2, 'runs': 149}",15.3,c Tilak Varma b Green,"<strong>Flicked straight to deep square leg and Green has his first IPL wicket!</strong> Length on middle, he gets across and gets a good chunk on that. But couldn't find the gap, unfortunately. Tilak makes no mistake.",
2023,1359479,RCB v MI,MI,RCB,"M.Chinnaswamy Stadium, Bengaluru",Bengaluru,India,RCB,2,GJ Maxwell,Glenn Maxwell,12,3,5,0,2,400.00,False,True,{},,not out,,
2023,1359478,SRH v RR,RR,SRH,"Rajiv Gandhi International Stadium, Uppal, Hyderabad",Hyderabad,India,RR,1,YBK Jaiswal,Yashasvi Jaiswal,54,37,63,9,0,145.94,False,False,"{'wickets': 2, 'runs': 139}",12.3,c Agarwal b Fazalhaq Farooqi,"<strong>holes out to deep square leg! Farooqi has another! </strong> Banged into the track on middle and off stump. Jaiswal looks to heave it away but does not quite get hold of it. In fact, he toe-ends it and Mayank does the rest on the fence! Vital wicket for SRH!",
2023,1359478,SRH v RR,RR,SRH,"Rajiv Gandhi International Stadium, Uppal, Hyderabad",Hyderabad,India,RR,1,JC Buttler,Jos Buttler,54,22,32,7,3,245.45,False,False,"{'wickets': 1, 'runs': 85}",5.5, b Fazalhaq Farooqi,<strong>cleans him up! Farooqi breaks through!</strong> Back of a length delivery at the stumps that skids through and might have just nipped back a shade. Buttler tries to punch on the up but the movement means that he gets a feather of an inside edge that cannons into the top of middle and off stump! Much-needed respite for the Sunrisers Hyderabad!,
2023,1359478,SRH v RR,RR,SRH,"Rajiv Gandhi International Stadium, Uppal, Hyderabad",Hyderabad,India,RR,1,SV Samson,Sanju Samson,55,32,66,3,4,171.87,True,False,"{'wickets': 5, 'runs': 187}",18.3,c Abhishek Sharma b Natarajan,"<strong>taken brilliantly at deep mid wicket!</strong> Slower delivery on a back of a length outside off stump, and this one just sticks in the surface a little. Samson has a swipe at it but is early into the stroke. He shanks it towards deep mid wicket, where Abhishek settles himself, catches it and then tiptoes his way out of trouble beautifully!",
2023,1359478,SRH v RR,RR,SRH,"Rajiv Gandhi International Stadium, Uppal, Hyderabad",Hyderabad,India,RR,1,D Padikkal,Devdutt Padikkal,2,5,10,0,0,40.00,False,False,"{'wickets': 3, 'runs': 151}",14.1, b Umran Malik,<strong>cleans him up with a corker!</strong> <strong>Heat-seeking 149.2 kph missile</strong> that hones in on off stump. Padikkal is already hanging back because of the extra pace and is awfully late on the stroke. He jumps up into the air but cannot do anything as the ball whistles past the bat and sends off stump flying!,
2023,1359478,SRH v RR,RR,SRH,"Rajiv Gandhi International Stadium, Uppal, Hyderabad",Hyderabad,India,RR,1,R Parag,Riyan Parag,7,6,12,1,0,116.66,False,False,"{'wickets': 4, 'runs': 170}",16.1,c Fazalhaq Farooqi b Natarajan,"<strong>taken at short third man! Natarajan gets Parag!</strong> Back of a length delivery outside off stump. Parag has a hack across the line but the angle means that he always has to fetch it. The ball also gets a little big on him and he ends up top-edging it towards short third man, where Farooqi settles under the high ball and completes the catch!",
2023,1359478,SRH v RR,RR,SRH,"Rajiv Gandhi International Stadium, Uppal, Hyderabad",Hyderabad,India,RR,1,SO Hetmyer,Shimron Hetmyer,22,16,21,1,1,137.50,False,True,{},,not out,,
2023,1359478,SRH v RR,RR,SRH,"Rajiv Gandhi International Stadium, Uppal, Hyderabad",Hyderabad,India,RR,1,R Ashwin,Ravichandran Ashwin,1,2,9,0,0,50.00,False,True,{},,not out,,
2023,1359478,SRH v RR,RR,SRH,"Rajiv Gandhi International Stadium, Uppal, Hyderabad",Hyderabad,India,SRH,2,Abhishek Sharma,Abhishek Sharma,0,3,3,0,0,0.00,False,False,"{'wickets': 1, 'runs': 0}",0.3, b Boult,<strong>cleans him up with an absolute peach!</strong> Sizzling yorker that seems to start on middle and leg stump before swerving away at the last moment. Abhishek is completely flummoxed by it and can't lay bat on it as the ball flattens off stump! What a special delivery!,
2023,1359478,SRH v RR,RR,SRH,"Rajiv Gandhi International Stadium, Uppal, Hyderabad",Hyderabad,India,SRH,2,MA Agarwal,Mayank Agarwal,27,23,56,3,0,117.39,False,False,"{'wickets': 6, 'runs': 52}",10.6,c Buttler b Chahal,"<strong>holes out to long off!</strong> Flighted devilishly on a full length on off stump. Mayank looks to smash it into next week but is beaten in the flight. Like Phillips, he has to reach out for it and toe-ends it miles up into the air towards long off. Buttler settles under it and completes the catch comfortably!",
2023,1359478,SRH v RR,RR,SRH,"Rajiv Gandhi International Stadium, Uppal, Hyderabad",Hyderabad,India,SRH,2,RA Tripathi,Rahul Tripathi,0,2,6,0,0,0.00,False,False,"{'wickets': 2, 'runs': 0}",0.5,c Holder b Boult,"<strong>taken excellent at slip!</strong> Full delivery just outside off stump. Tripathi takes a step down the track, and opens his bat face, almost guiding it towards Holder, who is stationed at a wide slip. Holder flings himself to his left and holds onto a spectacular catch! <strong>But hang on....Tripathi has reviewed this one, saying that he has not nicked it at all. Replays, though, only confirm what we saw first time out. Tripathi has absolutely smashed it, and he now has to walk back!</strong>",
2023,1359478,SRH v RR,RR,SRH,"Rajiv Gandhi International Stadium, Uppal, Hyderabad",Hyderabad,India,SRH,2,HC Brook,Harry Brook,13,21,28,1,0,61.90,False,False,"{'wickets': 3, 'runs': 34}",6.6, b Chahal,"<strong>knocks him over!</strong> Back of a length delivery on middle and off stump that skids through. Brook tries to cut it but does not have any room to work with. It sneaks past the bat and then crashes into the stumps! Brook's troubled stay comes to an end, and SRH sink further in trouble!",
2023,1359478,SRH v RR,RR,SRH,"Rajiv Gandhi International Stadium, Uppal, Hyderabad",Hyderabad,India,SRH,2,Washington Sundar,Washington Sundar,1,5,10,0,0,20.00,False,False,"{'wickets': 4, 'runs': 39}",8.2,c Hetmyer b Holder,"<strong>straight up and taken by Hetmyer!</strong> Back of a length delivery on middle and leg stump that climbs onto Sundar. He has a hack across the line but because the ball gets big on him, he can only spoon it towards Hetmyer at extra cover! SRH in all sorts of trouble now!",
2023,1359478,SRH v RR,RR,SRH,"Rajiv Gandhi International Stadium, Uppal, Hyderabad",Hyderabad,India,SRH,2,GD Phillips,Glenn Phillips,8,6,6,0,1,133.33,False,False,"{'wickets': 5, 'runs': 48}",9.3,c Asif b Ashwin,"<strong>straight to cover!</strong> Looped up on a full length outside off stump, and Phillips' eyes light up. He drives at it but is always reaching out for the ball. In the end, he gets it off the toe end and offers a simple catch to Asif!",
2023,1359478,SRH v RR,RR,SRH,"Rajiv Gandhi International Stadium, Uppal, Hyderabad",Hyderabad,India,SRH,2,Abdul Samad,Abdul Samad,32,32,51,2,1,100.00,False,True,{},,not out,,
2023,1359478,SRH v RR,RR,SRH,"Rajiv Gandhi International Stadium, Uppal, Hyderabad",Hyderabad,India,SRH,2,AU Rashid,Adil Rashid,18,13,17,1,1,138.46,False,False,"{'wickets': 7, 'runs': 81}",13.6,st &dagger;Samson b Chahal,"<strong>stumped by a mile!</strong> Flighted up nicely on a length outside off stump. Rashid hares down the track but is nowhere close to the pitch of the ball. He has a swish anyway but misses the ball by quite some distance as it rips past the outside edge. Samson does the rest behind the stumps, and SRH are seven down now!",
2023,1359478,SRH v RR,RR,SRH,"Rajiv Gandhi International Stadium, Uppal, Hyderabad",Hyderabad,India,SRH,2,B Kumar,Bhuvneshwar Kumar,6,10,20,0,0,60.00,True,False,"{'wickets': 8, 'runs': 95}",17.5, b Chahal,"<strong>cleans him up!</strong> Googly on a length on middle and off stump. Kumar has no clue about it and looks to crash it through the off side. The ball rips back into him, cuts him in half and then disturbs the furniture! RR just two wickets away from victory now!",
2023,1359478,SRH v RR,RR,SRH,"Rajiv Gandhi International Stadium, Uppal, Hyderabad",Hyderabad,India,SRH,2,Umran Malik,Umran Malik,19,8,12,1,2,237.50,False,True,{},,not out,,
2023,1359477,LSG v DC,LSG,DC,"Bharat Ratna Shri Atal Bihari Vajpayee Ekana Cricket Stadium, Lucknow",Lucknow,India,LSG,1,KL Rahul,KL Rahul,8,12,21,0,1,66.66,True,False,"{'wickets': 1, 'runs': 19}",3.6,c Patel b Sakariya,"<strong>slower ball trap works!</strong> 118 kph delivery back of a length on the legs, flicks this loosely to deep backward square leg where Axar gleefully takes the catch five yards inside the rope at chest height.",
2023,1359477,LSG v DC,LSG,DC,"Bharat Ratna Shri Atal Bihari Vajpayee Ekana Cricket Stadium, Lucknow",Lucknow,India,LSG,1,KR Mayers,Kyle Mayers,73,38,53,2,7,192.10,False,False,"{'wickets': 3, 'runs': 100}",11.3, b Patel,"<strong>goodness what turn!</strong> Axar digs this into the pitch on a good length on fifth stump, Mayers goes to cut and the ball jacknifes back into off stump. If that happened on a highway there'd be a 20-car pileup and three lanes of traffic closed while the police investigate the cause of the crash. Extraordinary delivery.",
2023,1359477,LSG v DC,LSG,DC,"Bharat Ratna Shri Atal Bihari Vajpayee Ekana Cricket Stadium, Lucknow",Lucknow,India,LSG,1,DJ Hooda,Deepak Hooda,17,18,31,0,0,94.44,False,False,"{'wickets': 2, 'runs': 98}",10.6,c Warner b Kuldeep Yadav,"flighted a lot more on a full length on fourth stump at 81 kph, Hooda is through the shot too early and skies the drive to Warner at long-off. He waits under it for a simple catch taken on his haunches seven yards in from the rope.",
2023,1359477,LSG v DC,LSG,DC,"Bharat Ratna Shri Atal Bihari Vajpayee Ekana Cricket Stadium, Lucknow",Lucknow,India,LSG,1,KH Pandya,Krunal Pandya,15,13,51,0,1,115.38,False,True,{},,not out,,
2023,1359477,LSG v DC,LSG,DC,"Bharat Ratna Shri Atal Bihari Vajpayee Ekana Cricket Stadium, Lucknow",Lucknow,India,LSG,1,MP Stoinis,Marcus Stoinis,12,10,13,0,1,120.00,False,False,"{'wickets': 4, 'runs': 117}",14.1,c &dagger;Khan b Ahmed,"length ball angled across sixth stump at 134 kph, Stoinis chases at this flat-footed and slices a thick edge through to the keeper at waist height. <b>Khaleel charges off and celebrates wildly like a man who definitely and most certainly did not drop a different batter on 14 who went on to make 73...</b>",
2023,1359477,LSG v DC,LSG,DC,"Bharat Ratna Shri Atal Bihari Vajpayee Ekana Cricket Stadium, Lucknow",Lucknow,India,LSG,1,N Pooran,Nicholas Pooran,36,21,24,2,3,171.42,False,False,"{'wickets': 5, 'runs': 165}",18.3,c Shaw b Ahmed,"fullish length ball outside off, smokes a drive flat to Prithvi in the ring at extra cover. He catches it in self-preservation at waist height. Absolute howitzer off the bat of Pooran but he couldn't have picked out Shaw any better.",
2023,1359477,LSG v DC,LSG,DC,"Bharat Ratna Shri Atal Bihari Vajpayee Ekana Cricket Stadium, Lucknow",Lucknow,India,LSG,1,A Badoni,Ayush Badoni,18,7,10,1,2,257.14,False,False,"{'wickets': 6, 'runs': 187}",19.5,c &dagger;Khan b Sakariya,"slower length ball on fourth stump, Badoni shuffles across trying to scoop this over fine leg but is thrown off by the lack of pace and it pings the gloves before ballooning to the left of Sarfaraz, who shuffles five yards and reaches forward for a simple take.",
2023,1359477,LSG v DC,LSG,DC,"Bharat Ratna Shri Atal Bihari Vajpayee Ekana Cricket Stadium, Lucknow",Lucknow,India,LSG,1,K Gowtham,Krishnappa Gowtham,6,1,2,0,1,600.00,False,True,{},,not out,,
2023,1359477,LSG v DC,LSG,DC,"Bharat Ratna Shri Atal Bihari Vajpayee Ekana Cricket Stadium, Lucknow",Lucknow,India,DC,2,PP Shaw,Prithvi Shaw,12,9,24,2,0,133.33,False,False,"{'wickets': 1, 'runs': 41}",4.3, b Wood,"<strong>bullseye! Wood rattles the off stump wood at 147 kph!</strong> Bowled on a good length angled in from wide of the crease, Shaw's feet never move and he flails at this tamely. He's beaten badly and the bails go flying.",
2023,1359477,LSG v DC,LSG,DC,"Bharat Ratna Shri Atal Bihari Vajpayee Ekana Cricket Stadium, Lucknow",Lucknow,India,DC,2,DA Warner,David Warner,56,48,87,7,0,116.66,True,False,"{'wickets': 7, 'runs': 113}",15.6,c Gowtham b Avesh Khan,"slower ball lands full on seventh stump, Warner miscues a drive skying this to long-on. Simple catch taken three yards inside the rope by K Gowtham.",
2023,1359477,LSG v DC,LSG,DC,"Bharat Ratna Shri Atal Bihari Vajpayee Ekana Cricket Stadium, Lucknow",Lucknow,India,DC,2,MR Marsh,Mitchell Marsh,0,1,2,0,0,0.00,False,False,"{'wickets': 2, 'runs': 41}",4.4, b Wood,<strong>double bullseye! Another 147 kph bullet leaves a big dent in off stump about three-quarters of the way up!</strong> Marsh shuffled across to cover his stumps and goes for an expansive drive to a ball pitching on fifth stump but is beaten by the sharp inward movement.,
2023,1359477,LSG v DC,LSG,DC,"Bharat Ratna Shri Atal Bihari Vajpayee Ekana Cricket Stadium, Lucknow",Lucknow,India,DC,2,SN Khan,Sarfaraz Khan,4,9,16,1,0,44.44,False,False,"{'wickets': 3, 'runs': 48}",6.6,c Gowtham b Wood,"<strong>Sarfaraz can't escape the short ball from Wood!</strong> Banged in short at 137 kph, Sarfaraz ducks and almost falls over getting out of the way of the ball... before bizarrely changing his mind in a split second as he's losing his balance and tries to attack this with an uppercut over the keeper. He gets plenty of bat on it, enough for it to sail to deep fine leg who is fielding very straight and takes a chest high catch three yards in from the rope.",
2023,1359477,LSG v DC,LSG,DC,"Bharat Ratna Shri Atal Bihari Vajpayee Ekana Cricket Stadium, Lucknow",Lucknow,India,DC,2,RR Rossouw,Rilee Rossouw,30,20,24,3,1,150.00,False,False,"{'wickets': 4, 'runs': 86}",11.6,c Mayers b Ravi Bishnoi,"full on leg stump, shuffles well across the stumps and goes to sweep and misses off the pads/shoes, huge lbw shout denied and the ball pops up off a deflection of some kind behind the wicket for a catch claimed by the short fine leg fielder. Looked pretty stone dead live. <strong>LSG have gone for a review. Rossouw has started marching off without even waiting for the replays. </strong> Nothing on bat or glove on the initial shot but the ball has popped up off the bat of the bat on the follow through in bizarre fashion and a catch was taken by the fielder coming over from short fine leg. We're not even going to get to the ball-tracking for lbw because he's been given out caught.",
2023,1359477,LSG v DC,LSG,DC,"Bharat Ratna Shri Atal Bihari Vajpayee Ekana Cricket Stadium, Lucknow",Lucknow,India,DC,2,R Powell,Rovman Powell,1,3,11,0,0,33.33,False,False,"{'wickets': 5, 'runs': 94}",13.4,lbw b Ravi Bishnoi,99 kph googly skids on from a good length on fourth stump and zings Powell in front of middle stump on the back foot playing back to punch through midwicket. He read the googly but it just came onto him far quicker than he expected and he's too late getting the bat down. Big lbw shout upheld. Powell marches off without a moment's thought for a review. It was stone dead.,
2023,1359477,LSG v DC,LSG,DC,"Bharat Ratna Shri Atal Bihari Vajpayee Ekana Cricket Stadium, Lucknow",Lucknow,India,DC,2,Aman Hakim Khan,Aman Hakim Khan,4,5,11,0,0,80.00,False,False,"{'wickets': 6, 'runs': 112}",15.3,c &dagger;Pooran b Avesh Khan,"<strong>bounced out!</strong> Short ball on the stumps at 136 kph, goes to pull and is hustled for pace top edging this high behind the stumps. Keeper Pooran shuffles in front of short fine leg for the take.",
2023,1359477,LSG v DC,LSG,DC,"Bharat Ratna Shri Atal Bihari Vajpayee Ekana Cricket Stadium, Lucknow",Lucknow,India,DC,2,AR Patel,Axar Patel,16,11,21,1,1,145.45,False,False,"{'wickets': 8, 'runs': 139}",19.1,c sub (PN Mankad) b Wood,<strong>It's Wood's night for sure!</strong> Leg stump half-volley flicked effortlessly but picks out deep square leg. Sub fielder Mankad takes a simple catch at chest height four yards inside the rope. Not as spectacular a delivery as his previous three wicket-taking balls but still effective nonetheless.,
2023,1359477,LSG v DC,LSG,DC,"Bharat Ratna Shri Atal Bihari Vajpayee Ekana Cricket Stadium, Lucknow",Lucknow,India,DC,2,Kuldeep Yadav,Kuldeep Yadav,6,10,22,0,0,60.00,False,True,{},,not out,,
2023,1359477,LSG v DC,LSG,DC,"Bharat Ratna Shri Atal Bihari Vajpayee Ekana Cricket Stadium, Lucknow",Lucknow,India,DC,2,C Sakariya,Chetan Sakariya,4,4,5,1,0,100.00,False,False,"{'wickets': 9, 'runs': 143}",19.5,c Pandya b Wood,"<strong>Wood has a five-for after making the switch to LSG!</strong> Length ball outside leg stump, Sakariya tries to heave this over the leg side but is rushed and it flutters up off the splice of the bat to Krunal at short midwicket inside the ring. Simple catch.",
2023,1359477,LSG v DC,LSG,DC,"Bharat Ratna Shri Atal Bihari Vajpayee Ekana Cricket Stadium, Lucknow",Lucknow,India,DC,2,Mukesh Kumar,Mukesh Kumar,0,1,1,0,0,0.00,False,True,{},,not out,,
2023,1359476,PBKS v KKR,PBKS,KKR,"Punjab Cricket Association IS Bindra Stadium, Mohali, Chandigarh",Chandigarh,India,PBKS,1,Prabhsimran Singh,Prabhsimran Singh,23,12,10,2,2,191.66,False,False,"{'wickets': 1, 'runs': 23}",1.6,c &dagger;Rahmanullah Gurbaz b Southee,"<B>Southee has the last laugh</b> as this good length ball angles down leg and Singh can't help himself but try to flick it fine. This time it gets an edge and Gurbaz moves to his left to gobble it up. Singh's cameo is over, but it has given the Kings a positive start",
2023,1359476,PBKS v KKR,PBKS,KKR,"Punjab Cricket Association IS Bindra Stadium, Mohali, Chandigarh",Chandigarh,India,PBKS,1,S Dhawan,Shikhar Dhawan,40,29,75,6,0,137.93,True,False,"{'wickets': 4, 'runs': 143}",14.3, b Varun,<B>through him - and Dhawan's captaincy curse continues where he is yet to get a fifty after being (C).</b>- Good length ball on leg and skidding straight through. Hits Dhawan's pad en route to the stumps. Dhawan goes for 40 with a strike rate of 137,
2023,1359476,PBKS v KKR,PBKS,KKR,"Punjab Cricket Association IS Bindra Stadium, Mohali, Chandigarh",Chandigarh,India,PBKS,1,PBB Rajapaksa,Bhanuka Rajapaksa,50,32,47,5,2,156.25,False,False,"{'wickets': 2, 'runs': 109}",10.6,c Singh b Yadav,"<B>going, going, not gone!</b> Rajapaksa fifty and out. Fullish ball ball around leg and Rajapaksa took one step down the track before trying to tonk it over long on. The connection is decent but not good enough to clear long on. Rinku gets under it and takes a regulation catch a few metres inside the crease. But he's done his job",
2023,1359476,PBKS v KKR,PBKS,KKR,"Punjab Cricket Association IS Bindra Stadium, Mohali, Chandigarh",Chandigarh,India,PBKS,1,JM Sharma,Jitesh Sharma,21,11,13,1,2,190.90,False,False,"{'wickets': 3, 'runs': 135}",13.3,c Yadav b Southee,"<B>too much experience in Southee</b> and he produces another good ball after being hit for a six. Slower ball just outside off stump. Jitesh loses his shape while trying to slog it over the leg side, but this sliced shot produces a simple catch for Umesh at short third",
2023,1359476,PBKS v KKR,PBKS,KKR,"Punjab Cricket Association IS Bindra Stadium, Mohali, Chandigarh",Chandigarh,India,PBKS,1,Sikandar Raza,Sikandar Raza,16,13,22,1,1,123.07,False,False,"{'wickets': 5, 'runs': 168}",17.5,c Rana b Narine,<B>simple for Rana</b> running square from point. Narine with a bit more air on off. Raza backs away and tries to go inside out. Ends up slicing it high for an easy dismissal. KKR quietly pulling things back at the death,
2023,1359476,PBKS v KKR,PBKS,KKR,"Punjab Cricket Association IS Bindra Stadium, Mohali, Chandigarh",Chandigarh,India,PBKS,1,SM Curran,Sam Curran,26,17,27,0,2,152.94,False,True,{},,not out,,
2023,1359476,PBKS v KKR,PBKS,KKR,"Punjab Cricket Association IS Bindra Stadium, Mohali, Chandigarh",Chandigarh,India,PBKS,1,M Shahrukh Khan,M Shahrukh Khan,11,7,11,2,0,157.14,False,True,{},,not out,,
2023,1359476,PBKS v KKR,PBKS,KKR,"Punjab Cricket Association IS Bindra Stadium, Mohali, Chandigarh",Chandigarh,India,KKR,2,Mandeep Singh,Mandeep Singh,2,4,7,0,0,50.00,False,False,"{'wickets': 1, 'runs': 13}",1.1,c Curran b Arshdeep Singh,"<strong>Arshdeep strikes first ball!</strong> He is celebrating with his arms wide, and with half a sprint down long leg. Good pace and bounce from him though. H pitched it about middle and off, as the ball angled across, and rose rather sharply on off stump. Mandeep pulled, but the extra bounce got him. Straight into deep square leg's hands",
2023,1359476,PBKS v KKR,PBKS,KKR,"Punjab Cricket Association IS Bindra Stadium, Mohali, Chandigarh",Chandigarh,India,KKR,2,Rahmanullah Gurbaz,Rahmanullah Gurbaz,22,16,26,3,1,137.50,False,False,"{'wickets': 3, 'runs': 29}",4.2, b Ellis,"<strong>Ellis pings off stump!</strong> This time Ellis had good pace on ball, changing up after that slower delivery last ball. Gurbaz, again trying to be adventurous, makes some room, and also skips out of the crease. He hacks at this good length ball on off - rather it was on the shorter side of a length - and missed, as the stumps lit up",
2023,1359476,PBKS v KKR,PBKS,KKR,"Punjab Cricket Association IS Bindra Stadium, Mohali, Chandigarh",Chandigarh,India,KKR,2,AS Roy,Anukul Roy,4,5,5,1,0,80.00,False,False,"{'wickets': 2, 'runs': 17}",1.6,c Sikandar Raza b Arshdeep Singh,"<strong>spooned to midwicket!</strong> Arsh gets two in this over. I think the extra bounce came into play again, and so did his pace. Another short delivery from Arsh, and this one's line was a bit wide of off, much further away from the middle-stump line he cramped Anukul with previous ball. Anukul pulled, but found the fielder, who didn't have to move at all",
2023,1359476,PBKS v KKR,PBKS,KKR,"Punjab Cricket Association IS Bindra Stadium, Mohali, Chandigarh",Chandigarh,India,KKR,2,VR Iyer,Venkatesh Iyer,34,28,66,3,1,121.42,False,False,"{'wickets': 7, 'runs': 138}",15.3,c Chahar b Arshdeep Singh,"<strong>ramped to point!</strong> Another bouncer from Arsh earns him a wicket. The bounce was a bit too much for Iyer to handle. Arsh banged it in short around off, with Iyer almost leaping a little to get on top of it. But he ended up half-ramping it - and without any control - to point",
2023,1359476,PBKS v KKR,PBKS,KKR,"Punjab Cricket Association IS Bindra Stadium, Mohali, Chandigarh",Chandigarh,India,KKR,2,N Rana,Nitish Rana,24,17,23,3,1,141.17,True,False,"{'wickets': 4, 'runs': 75}",9.2,c Chahar b Sikandar Raza,"<strong>slashed straight to point!</strong> Raza is relieved after going for some runs in his first two overs. That was there to be hit, but Rana ended up gifting the fielder an easy catch. Short and slightly wide of off, as Rana went hard at that only to end up walking back. So the time-out breaks his momentum",
2023,1359476,PBKS v KKR,PBKS,KKR,"Punjab Cricket Association IS Bindra Stadium, Mohali, Chandigarh",Chandigarh,India,KKR,2,RK Singh,Rinku Singh,4,4,5,0,0,100.00,False,False,"{'wickets': 5, 'runs': 80}",10.1,c Sikandar Raza b Chahar,"<strong>strikes first ball, just like Arshdeep!</strong> Rinku goes after the legspinner right away, but finds deep midwicket. Chahar bowls on a length on off, but it is the wrong 'un. It turns away from Rinku's arc, as he looks to slog sweep. Instead, the ball ends up landing right into the fielder's lap",
2023,1359476,PBKS v KKR,PBKS,KKR,"Punjab Cricket Association IS Bindra Stadium, Mohali, Chandigarh",Chandigarh,India,KKR,2,AD Russell,Andre Russell,35,19,24,3,2,184.21,False,False,"{'wickets': 6, 'runs': 130}",14.5,c Sikandar Raza b Curran,"<strong>finds deep midwicket!</strong> Could be exactly the wrong time for KKR, given there is rain around. Curran went short again, except that this one was an offcutter, which rose sharply after pitching middle and leg, while also angling across. Russell swat-pulled but only off the higher side of the bat",
2023,1359476,PBKS v KKR,PBKS,KKR,"Punjab Cricket Association IS Bindra Stadium, Mohali, Chandigarh",Chandigarh,India,KKR,2,SN Thakur,Shardul Thakur,8,3,8,0,1,266.66,False,True,{},,not out,,
2023,1359476,PBKS v KKR,PBKS,KKR,"Punjab Cricket Association IS Bindra Stadium, Mohali, Chandigarh",Chandigarh,India,KKR,2,SP Narine,Sunil Narine,7,2,4,0,1,350.00,False,True,{},,not out,,
2023,1359475,GT v CSK,CSK,GT,"Narendra Modi Stadium, Motera, Ahmedabad",Ahmedabad,India,CSK,1,DP Conway,Devon Conway,1,6,-,0,0,16.66,False,False,"{'wickets': 1, 'runs': 14}",2.2, b Mohammed Shami,"<strong>Shami breaches the defences of Conway</strong>. That's his 100th IPL wicket. Nice and full, angling in from round the stumps, seaming in at Conway who aims for a booming drive and misses. Bowled through the gate. The ball clatters into middle stump",
2023,1359475,GT v CSK,CSK,GT,"Narendra Modi Stadium, Motera, Ahmedabad",Ahmedabad,India,CSK,1,RD Gaikwad,Ruturaj Gaikwad,92,50,-,4,9,184.00,False,False,"{'wickets': 5, 'runs': 151}",17.1,c Shubman Gill b Joseph,"Joseph misses the yorker, but is still a hard-to-hit middle-stump full-toss, which is spliced into the hands of long-on. Is that a high full-toss? Gaikwad thinks so. <s>Gaikwad has asked for a review</s>. The umpires converge and ask for a review. The ball dips below the waist and therefore Gaikwad has to go. End of a terrific innings from Gaikwad. He falls eight short of a century",
2023,1359475,GT v CSK,CSK,GT,"Narendra Modi Stadium, Motera, Ahmedabad",Ahmedabad,India,CSK,1,MM Ali,Moeen Ali,23,17,-,4,1,135.29,False,False,"{'wickets': 2, 'runs': 50}",5.5,c &dagger;Saha b Rashid Khan,"<strong>Rashid strikes back, Moeen has nicked off.</strong> Easier decision for umpire Khalid. Rashid takes this wrong'un away from the left-handed Moeen who throws his bat at ball once again. He edges it behind to Saha who clings onto the catch",
2023,1359475,GT v CSK,CSK,GT,"Narendra Modi Stadium, Motera, Ahmedabad",Ahmedabad,India,CSK,1,BA Stokes,Ben Stokes,7,6,-,1,0,116.66,False,False,"{'wickets': 3, 'runs': 70}",7.4,c &dagger;Saha b Rashid Khan,"<strong>Rashid takes out both Moeen and Stokes</strong>. Pushed through flatter and quicker, skids away outside off from over the stumps. Stokes chops at it and edges it behind to Saha who makes this low catch look ridiculously easy",
2023,1359475,GT v CSK,CSK,GT,"Narendra Modi Stadium, Motera, Ahmedabad",Ahmedabad,India,CSK,1,AT Rayudu,Ambati Rayudu,12,12,-,0,1,100.00,False,False,"{'wickets': 4, 'runs': 121}",12.5, b Little,"Maiden IPL wicket for Josh Little. Rayudu dashes out of the crease, swings for the hills once again, but does not lay bat on ball. Little cranks it up to almost 140ks and nails the stumps",
2023,1359475,GT v CSK,CSK,GT,"Narendra Modi Stadium, Motera, Ahmedabad",Ahmedabad,India,CSK,1,S Dube,Shivam Dube,19,18,-,0,1,105.55,False,False,"{'wickets': 7, 'runs': 163}",18.3,c Rashid Khan b Mohammed Shami,"<strong>throat-high short ball angling across Dube</strong>. He goes for another hook, this time he holes out to Rashid Khan at deep square leg. Another mis-hit and this goes to the fielder. Dube has been put out of his misery",
2023,1359475,GT v CSK,CSK,GT,"Narendra Modi Stadium, Motera, Ahmedabad",Ahmedabad,India,CSK,1,RA Jadeja,Ravindra Jadeja,1,2,-,0,0,50.00,False,False,"{'wickets': 6, 'runs': 153}",17.4,c Shankar b Joseph,"Joseph goes for the yorker, marginally misses it, but has Jadeja holing out to deep midwicket. Mighty full on the pads, Jadeja picks it up and picks out the fielder on the boundary",
2023,1359475,GT v CSK,CSK,GT,"Narendra Modi Stadium, Motera, Ahmedabad",Ahmedabad,India,CSK,1,MS Dhoni,MS Dhoni,14,7,-,1,1,200.00,True,True,{},,not out,,
2023,1359475,GT v CSK,CSK,GT,"Narendra Modi Stadium, Motera, Ahmedabad",Ahmedabad,India,CSK,1,MJ Santner,Mitchell Santner,1,3,-,0,0,33.33,False,True,{},,not out,,
2023,1359475,GT v CSK,CSK,GT,"Narendra Modi Stadium, Motera, Ahmedabad",Ahmedabad,India,GT,2,WP Saha,Wriddhiman Saha,25,16,-,2,2,156.25,False,False,"{'wickets': 1, 'runs': 37}",3.5,c Dube b Hangargekar,"wicket number no. 1 for Hangargekar. In his first over. Outswinger from the hand, moves away. It is widish to start off with it. Saha still flashes at it, gets a thick edge, which settles with deep third this time",
2023,1359475,GT v CSK,CSK,GT,"Narendra Modi Stadium, Motera, Ahmedabad",Ahmedabad,India,GT,2,Shubman Gill,Shubman Gill,63,36,-,6,3,175.00,False,False,"{'wickets': 4, 'runs': 138}",14.6,c Gaikwad b Deshpande,this one is an easy catch for eep midwicket. Tries the pull but it goes off the toe end of the bat as he is dragging it from wide outside off. Taken at deep midwicket this time,
2023,1359475,GT v CSK,CSK,GT,"Narendra Modi Stadium, Motera, Ahmedabad",Ahmedabad,India,GT,2,B Sai Sudharsan,Sai Sudharsan,22,17,-,3,0,129.41,False,False,"{'wickets': 2, 'runs': 90}",9.3,c &dagger;Dhoni b Hangargekar,"oh not the best delivery to get a wicket. Short and wide, Sudharsan looks for the cut, but it is too wide for him, and he just toe-ends it to Dhoni",
2023,1359475,GT v CSK,CSK,GT,"Narendra Modi Stadium, Motera, Ahmedabad",Ahmedabad,India,GT,2,HH Pandya,Hardik Pandya,8,11,-,0,0,72.72,True,False,"{'wickets': 3, 'runs': 111}",12.1, b Jadeja,"Jadeja has not given Pandya anything so far. So he goes down to look to sweep. Jadeja keeps doing what he has been doing. Look to hit top of off. Pandya sweeps from around off, misses it completely, and Jadeja hits somewhere near the top of off",
2023,1359475,GT v CSK,CSK,GT,"Narendra Modi Stadium, Motera, Ahmedabad",Ahmedabad,India,GT,2,V Shankar,Vijay Shankar,27,21,-,2,1,128.57,False,False,"{'wickets': 5, 'runs': 156}",17.6,c Santner b Hangargekar,"big wicket. Looks like a slower ball. Shankar is looking to go in the air and down the ground. Gets the right length, right in the slot, but he seems to have bowled a slower ball. Shankar ends up toe-ending it for a catch half way between mid-off and long-off. CSK still alive",
2023,1359475,GT v CSK,CSK,GT,"Narendra Modi Stadium, Motera, Ahmedabad",Ahmedabad,India,GT,2,R Tewatia,Rahul Tewatia,15,14,-,1,1,107.14,False,True,{},,not out,,
2023,1359475,GT v CSK,CSK,GT,"Narendra Modi Stadium, Motera, Ahmedabad",Ahmedabad,India,GT,2,Rashid Khan,Rashid Khan,10,3,-,1,1,333.33,False,True,{},,not out,,
