season,id,name,short_name,description,home_team,away_team,toss_won,decision,1st_inning_score,2nd_inning_score,home_score,away_score,winner,result,start_date,end_date,venue_id,venue_name,home_captain,away_captain,pom,points,super_over,home_overs,home_runs,home_wickets,home_boundaries,away_overs,away_runs,away_wickets,away_boundaries,highlights,home_key_batsman,home_key_bowler,home_playx1,away_playx1,away_key_batsman,away_key_bowler,match_days,umpire1,umpire2,tv_umpire,referee,reserve_umpire
2023,1359483,Kolkata Knight Riders v Royal Challengers Bangalore,KKR v RCB,"9th Match (N), Indian Premier League at Kolkata, Apr 6 2023",KKR,RCB,Royal Challengers Bangalore,BOWL FIRST,204/7,123,204/7,123,KKR,KKR won by 81 runs,2023-04-06T14:00Z,2023-04-07T23:59Z,57980,"Eden Gardens, Kolkata",Nitish Rana,Faf du Plessis,Shardul Thakur,"Kolkata Knight Riders 2, Royal Challengers Bangalore 0",False,20,204,7,27,17.4,123,10,16,"Shardul and spinners dismantle RCB. Coming in at 89 for 5, Shardul smashed 68 off 29 before Narine, Varun and Suyash derailed Royal Challengers' chase","Shardul Thakur,Rahmanullah Gurbaz","Varun Chakravarthy,Suyash Sharma","Rahmanullah Gurbaz (WK),Venkatesh Iyer (AR),Mandeep Singh (AR),Nitish Rana (UKN),Rinku Singh (UKN),Andre Russell (AR),Shardul Thakur (BL),Sunil Narine (AR),Umesh Yadav (BL),Tim Southee (BL),Varun Chakravarthy (BL),Suyash Sharma (BL)","Virat Kohli (UKN),Faf du Plessis (UKN),Michael Bracewell (AR),Glenn Maxwell (AR),Harshal Patel (BL),Shahbaz Ahmed (AR),Dinesh Karthik (WK),Anuj Rawat (UKN),David Willey (AR),Karn Sharma (BL),Akash Deep (AR),Mohammed Siraj (BL)","Faf du Plessis,Virat Kohli","David Willey,Karn Sharma",06 April 2023 - night match (20-over match),Virender Sharma,Vinod Seshan,Nitin Menon,Shakti Singh,Abhijit Bengeri
,1359484,Lucknow Super Giants v Sunrisers Hyderabad,LSG v SRH,"10th Match (N), Indian Premier League at Lucknow, Apr 7 2023",LSG,SRH,,,,,,,SRH,Starts at 19:30 local time,2023-04-07T14:00Z,2023-04-08T23:59Z,1070094,"Bharat Ratna Shri Atal Bihari Vajpayee Ekana Cricket Stadium, Lucknow",,,,,,,,,,,,,,,,,,,,,,,,,,
,1359485,Rajasthan Royals v Delhi Capitals,RR v DC,"11th Match (D/N), Indian Premier League at Guwahati, Apr 8 2023",RR,DC,,,,,,,DC,Starts at 15:30 local time,2023-04-08T10:00Z,2023-04-09T23:59Z,680295,"Barsapara Cricket Stadium, Guwahati",,,,,,,,,,,,,,,,,,,,,,,,,,
,1359486,Mumbai Indians v Chennai Super Kings,MI v CSK,"12th Match (N), Indian Premier League at Mumbai, Apr 8 2023",MI,CSK,,,,,,,CSK,Starts at 19:30 local time,2023-04-08T14:00Z,2023-04-09T23:59Z,58324,"Wankhede Stadium, Mumbai",,,,,,,,,,,,,,,,,,,,,,,,,,
,1359487,Gujarat Titans v Kolkata Knight Riders,GT v KKR,"13th Match (D/N), Indian Premier League at Ahmedabad, Apr 9 2023",GT,KKR,,,,,,,KKR,Starts at 15:30 local time,2023-04-09T10:00Z,2023-04-10T23:59Z,57851,"Narendra Modi Stadium, Motera, Ahmedabad",,,,,,,,,,,,,,,,,,,,,,,,,,
,1359488,Sunrisers Hyderabad v Punjab Kings,SRH v PBKS,"14th Match (N), Indian Premier League at Hyderabad, Apr 9 2023",SRH,PBKS,,,,,,,PBKS,Starts at 19:30 local time,2023-04-09T14:00Z,2023-04-10T23:59Z,58142,"Rajiv Gandhi International Stadium, Uppal, Hyderabad",,,,,,,,,,,,,,,,,,,,,,,,,,
,1359489,Royal Challengers Bangalore v Lucknow Super Giants,RCB v LSG,"15th Match (N), Indian Premier League at Bengaluru, Apr 10 2023",RCB,LSG,,,,,,,LSG,Starts at 19:30 local time,2023-04-10T14:00Z,2023-04-11T23:59Z,57897,"M.Chinnaswamy Stadium, Bengaluru",,,,,,,,,,,,,,,,,,,,,,,,,,
,1359490,Delhi Capitals v Mumbai Indians,DC v MI,"16th Match (N), Indian Premier League at Delhi, Apr 11 2023",DC,MI,,,,,,,MI,Starts at 19:30 local time,2023-04-11T14:00Z,2023-04-12T23:59Z,58040,"Arun Jaitley Stadium, Delhi",,,,,,,,,,,,,,,,,,,,,,,,,,
,1359491,Chennai Super Kings v Rajasthan Royals,CSK v RR,"17th Match (N), Indian Premier League at Chennai, Apr 12 2023",CSK,RR,,,,,,,RR,Starts at 19:30 local time,2023-04-12T14:00Z,2023-04-13T23:59Z,58008,"MA Chidambaram Stadium, Chepauk, Chennai",,,,,,,,,,,,,,,,,,,,,,,,,,
,1359492,Punjab Kings v Gujarat Titans,PBKS v GT,"18th Match (N), Indian Premier League at Chandigarh, Apr 13 2023",PBKS,GT,,,,,,,GT,Starts at 19:30 local time,2023-04-13T14:00Z,2023-04-14T23:59Z,57991,"Punjab Cricket Association IS Bindra Stadium, Mohali, Chandigarh",,,,,,,,,,,,,,,,,,,,,,,,,,
,1359493,Kolkata Knight Riders v Sunrisers Hyderabad,KKR v SRH,"19th Match (N), Indian Premier League at Kolkata, Apr 14 2023",KKR,SRH,,,,,,,SRH,Starts at 19:30 local time,2023-04-14T14:00Z,2023-04-15T23:59Z,57980,"Eden Gardens, Kolkata",,,,,,,,,,,,,,,,,,,,,,,,,,
,1359494,Royal Challengers Bangalore v Delhi Capitals,RCB v DC,"20th Match (D/N), Indian Premier League at Bengaluru, Apr 15 2023",RCB,DC,,,,,,,DC,Starts at 15:30 local time,2023-04-15T10:00Z,2023-04-16T23:59Z,57897,"M.Chinnaswamy Stadium, Bengaluru",,,,,,,,,,,,,,,,,,,,,,,,,,
,1359495,Lucknow Super Giants v Punjab Kings,LSG v PBKS,"21st Match (N), Indian Premier League at Lucknow, Apr 15 2023",LSG,PBKS,,,,,,,PBKS,Starts at 19:30 local time,2023-04-15T14:00Z,2023-04-16T23:59Z,1070094,"Bharat Ratna Shri Atal Bihari Vajpayee Ekana Cricket Stadium, Lucknow",,,,,,,,,,,,,,,,,,,,,,,,,,
,1359496,Mumbai Indians v Kolkata Knight Riders,MI v KKR,"22nd Match (D/N), Indian Premier League at Mumbai, Apr 16 2023",MI,KKR,,,,,,,KKR,Starts at 15:30 local time,2023-04-16T10:00Z,2023-04-17T23:59Z,58324,"Wankhede Stadium, Mumbai",,,,,,,,,,,,,,,,,,,,,,,,,,
,1359497,Gujarat Titans v Rajasthan Royals,GT v RR,"23rd Match (N), Indian Premier League at Ahmedabad, Apr 16 2023",GT,RR,,,,,,,RR,Starts at 19:30 local time,2023-04-16T14:00Z,2023-04-17T23:59Z,57851,"Narendra Modi Stadium, Motera, Ahmedabad",,,,,,,,,,,,,,,,,,,,,,,,,,
,1359498,Royal Challengers Bangalore v Chennai Super Kings,RCB v CSK,"24th Match (N), Indian Premier League at Bengaluru, Apr 17 2023",RCB,CSK,,,,,,,CSK,Starts at 19:30 local time,2023-04-17T14:00Z,2023-04-18T23:59Z,57897,"M.Chinnaswamy Stadium, Bengaluru",,,,,,,,,,,,,,,,,,,,,,,,,,
,1359499,Sunrisers Hyderabad v Mumbai Indians,SRH v MI,"25th Match (N), Indian Premier League at Hyderabad, Apr 18 2023",SRH,MI,,,,,,,MI,Starts at 19:30 local time,2023-04-18T14:00Z,2023-04-19T23:59Z,58142,"Rajiv Gandhi International Stadium, Uppal, Hyderabad",,,,,,,,,,,,,,,,,,,,,,,,,,
,1359500,Rajasthan Royals v Lucknow Super Giants,RR v LSG,"26th Match (N), Indian Premier League at Jaipur, Apr 19 2023",RR,LSG,,,,,,,LSG,Starts at 19:30 local time,2023-04-19T14:00Z,2023-04-20T23:59Z,58162,"Sawai Mansingh Stadium, Jaipur",,,,,,,,,,,,,,,,,,,,,,,,,,
,1359501,Punjab Kings v Royal Challengers Bangalore,PBKS v RCB,"27th Match (D/N), Indian Premier League at Chandigarh, Apr 20 2023",PBKS,RCB,,,,,,,RCB,Starts at 15:30 local time,2023-04-20T10:00Z,2023-04-21T23:59Z,57991,"Punjab Cricket Association IS Bindra Stadium, Mohali, Chandigarh",,,,,,,,,,,,,,,,,,,,,,,,,,
,1359502,Delhi Capitals v Kolkata Knight Riders,DC v KKR,"28th Match (N), Indian Premier League at Delhi, Apr 20 2023",DC,KKR,,,,,,,KKR,Starts at 19:30 local time,2023-04-20T14:00Z,2023-04-21T23:59Z,58040,"Arun Jaitley Stadium, Delhi",,,,,,,,,,,,,,,,,,,,,,,,,,
,1359503,Chennai Super Kings v Sunrisers Hyderabad,CSK v SRH,"29th Match (N), Indian Premier League at Chennai, Apr 21 2023",CSK,SRH,,,,,,,SRH,Starts at 19:30 local time,2023-04-21T14:00Z,2023-04-22T23:59Z,58008,"MA Chidambaram Stadium, Chepauk, Chennai",,,,,,,,,,,,,,,,,,,,,,,,,,
,1359504,Lucknow Super Giants v Gujarat Titans,LSG v GT,"30th Match (D/N), Indian Premier League at Lucknow, Apr 22 2023",LSG,GT,,,,,,,GT,Starts at 15:30 local time,2023-04-22T10:00Z,2023-04-23T23:59Z,1070094,"Bharat Ratna Shri Atal Bihari Vajpayee Ekana Cricket Stadium, Lucknow",,,,,,,,,,,,,,,,,,,,,,,,,,
,1359505,Mumbai Indians v Punjab Kings,MI v PBKS,"31st Match (N), Indian Premier League at Mumbai, Apr 22 2023",MI,PBKS,,,,,,,PBKS,Starts at 19:30 local time,2023-04-22T14:00Z,2023-04-23T23:59Z,58324,"Wankhede Stadium, Mumbai",,,,,,,,,,,,,,,,,,,,,,,,,,
,1359506,Royal Challengers Bangalore v Rajasthan Royals,RCB v RR,"32nd Match (D/N), Indian Premier League at Bengaluru, Apr 23 2023",RCB,RR,,,,,,,RR,Starts at 15:30 local time,2023-04-23T10:00Z,2023-04-24T23:59Z,57897,"M.Chinnaswamy Stadium, Bengaluru",,,,,,,,,,,,,,,,,,,,,,,,,,
,1359507,Kolkata Knight Riders v Chennai Super Kings,KKR v CSK,"33rd Match (N), Indian Premier League at Kolkata, Apr 23 2023",KKR,CSK,,,,,,,CSK,Starts at 19:30 local time,2023-04-23T14:00Z,2023-04-24T23:59Z,57980,"Eden Gardens, Kolkata",,,,,,,,,,,,,,,,,,,,,,,,,,
,1359508,Sunrisers Hyderabad v Delhi Capitals,SRH v DC,"34th Match (N), Indian Premier League at Hyderabad, Apr 24 2023",SRH,DC,,,,,,,DC,Starts at 19:30 local time,2023-04-24T14:00Z,2023-04-25T23:59Z,58142,"Rajiv Gandhi International Stadium, Uppal, Hyderabad",,,,,,,,,,,,,,,,,,,,,,,,,,
,1359509,Gujarat Titans v Mumbai Indians,GT v MI,"35th Match (N), Indian Premier League at Ahmedabad, Apr 25 2023",GT,MI,,,,,,,MI,Starts at 19:30 local time,2023-04-25T14:00Z,2023-04-26T23:59Z,57851,"Narendra Modi Stadium, Motera, Ahmedabad",,,,,,,,,,,,,,,,,,,,,,,,,,
,1359510,Royal Challengers Bangalore v Kolkata Knight Riders,RCB v KKR,"36th Match (N), Indian Premier League at Bengaluru, Apr 26 2023",RCB,KKR,,,,,,,KKR,Starts at 19:30 local time,2023-04-26T14:00Z,2023-04-27T23:59Z,57897,"M.Chinnaswamy Stadium, Bengaluru",,,,,,,,,,,,,,,,,,,,,,,,,,
,1359511,Rajasthan Royals v Chennai Super Kings,RR v CSK,"37th Match (N), Indian Premier League at Jaipur, Apr 27 2023",RR,CSK,,,,,,,CSK,Starts at 19:30 local time,2023-04-27T14:00Z,2023-04-28T23:59Z,58162,"Sawai Mansingh Stadium, Jaipur",,,,,,,,,,,,,,,,,,,,,,,,,,
,1359512,Punjab Kings v Lucknow Super Giants,PBKS v LSG,"38th Match (N), Indian Premier League at Chandigarh, Apr 28 2023",PBKS,LSG,,,,,,,LSG,Starts at 19:30 local time,2023-04-28T14:00Z,2023-04-29T23:59Z,57991,"Punjab Cricket Association IS Bindra Stadium, Mohali, Chandigarh",,,,,,,,,,,,,,,,,,,,,,,,,,
,1359513,Kolkata Knight Riders v Gujarat Titans,KKR v GT,"39th Match (D/N), Indian Premier League at Kolkata, Apr 29 2023",KKR,GT,,,,,,,GT,Starts at 15:30 local time,2023-04-29T10:00Z,2023-04-30T23:59Z,57980,"Eden Gardens, Kolkata",,,,,,,,,,,,,,,,,,,,,,,,,,
,1359514,Delhi Capitals v Sunrisers Hyderabad,DC v SRH,"40th Match (N), Indian Premier League at Delhi, Apr 29 2023",DC,SRH,,,,,,,SRH,Starts at 19:30 local time,2023-04-29T14:00Z,2023-04-30T23:59Z,58040,"Arun Jaitley Stadium, Delhi",,,,,,,,,,,,,,,,,,,,,,,,,,
,1359516,Mumbai Indians v Rajasthan Royals,MI v RR,"42nd Match (N), Indian Premier League at Mumbai, Apr 30 2023",MI,RR,,,,,,,RR,Starts at 11:30 local time,2023-04-30T06:00Z,2023-05-01T23:59Z,58324,"Wankhede Stadium, Mumbai",,,,,,,,,,,,,,,,,,,,,,,,,,
,1359515,Chennai Super Kings v Punjab Kings,CSK v PBKS,"41st Match (D/N), Indian Premier League at Chennai, Apr 30 2023",CSK,PBKS,,,,,,,PBKS,Starts at 15:30 local time,2023-04-30T10:00Z,2023-05-01T23:59Z,58008,"MA Chidambaram Stadium, Chepauk, Chennai",,,,,,,,,,,,,,,,,,,,,,,,,,
,1359517,Lucknow Super Giants v Royal Challengers Bangalore,LSG v RCB,"43rd Match (N), Indian Premier League at Lucknow, May 1 2023",LSG,RCB,,,,,,,RCB,Starts at 19:30 local time,2023-05-01T14:00Z,2023-05-02T23:59Z,1070094,"Bharat Ratna Shri Atal Bihari Vajpayee Ekana Cricket Stadium, Lucknow",,,,,,,,,,,,,,,,,,,,,,,,,,
,1359518,Gujarat Titans v Delhi Capitals,GT v DC,"44th Match (N), Indian Premier League at Ahmedabad, May 2 2023",GT,DC,,,,,,,DC,Starts at 19:30 local time,2023-05-02T14:00Z,2023-05-03T23:59Z,57851,"Narendra Modi Stadium, Motera, Ahmedabad",,,,,,,,,,,,,,,,,,,,,,,,,,
,1359519,Punjab Kings v Mumbai Indians,PBKS v MI,"45th Match (N), Indian Premier League at Chandigarh, May 3 2023",PBKS,MI,,,,,,,MI,Starts at 19:30 local time,2023-05-03T14:00Z,2023-05-04T23:59Z,57991,"Punjab Cricket Association IS Bindra Stadium, Mohali, Chandigarh",,,,,,,,,,,,,,,,,,,,,,,,,,
,1359520,Lucknow Super Giants v Chennai Super Kings,LSG v CSK,"46th Match (D/N), Indian Premier League at Lucknow, May 4 2023",LSG,CSK,,,,,,,CSK,Starts at 15:30 local time,2023-05-04T10:00Z,2023-05-05T23:59Z,1070094,"Bharat Ratna Shri Atal Bihari Vajpayee Ekana Cricket Stadium, Lucknow",,,,,,,,,,,,,,,,,,,,,,,,,,
,1359521,Sunrisers Hyderabad v Kolkata Knight Riders,SRH v KKR,"47th Match (N), Indian Premier League at Hyderabad, May 4 2023",SRH,KKR,,,,,,,KKR,Starts at 19:30 local time,2023-05-04T14:00Z,2023-05-05T23:59Z,58142,"Rajiv Gandhi International Stadium, Uppal, Hyderabad",,,,,,,,,,,,,,,,,,,,,,,,,,
,1359522,Rajasthan Royals v Gujarat Titans,RR v GT,"48th Match (N), Indian Premier League at Jaipur, May 5 2023",RR,GT,,,,,,,GT,Starts at 19:30 local time,2023-05-05T14:00Z,2023-05-06T23:59Z,58162,"Sawai Mansingh Stadium, Jaipur",,,,,,,,,,,,,,,,,,,,,,,,,,
,1359523,Chennai Super Kings v Mumbai Indians,CSK v MI,"49th Match (D/N), Indian Premier League at Chennai, May 6 2023",CSK,MI,,,,,,,MI,Starts at 15:30 local time,2023-05-06T10:00Z,2023-05-07T23:59Z,58008,"MA Chidambaram Stadium, Chepauk, Chennai",,,,,,,,,,,,,,,,,,,,,,,,,,
,1359524,Delhi Capitals v Royal Challengers Bangalore,DC v RCB,"50th Match (N), Indian Premier League at Delhi, May 6 2023",DC,RCB,,,,,,,RCB,Starts at 19:30 local time,2023-05-06T14:00Z,2023-05-07T23:59Z,58040,"Arun Jaitley Stadium, Delhi",,,,,,,,,,,,,,,,,,,,,,,,,,
,1359525,Gujarat Titans v Lucknow Super Giants,GT v LSG,"51st Match (D/N), Indian Premier League at Ahmedabad, May 7 2023",GT,LSG,,,,,,,LSG,Starts at 15:30 local time,2023-05-07T10:00Z,2023-05-08T23:59Z,57851,"Narendra Modi Stadium, Motera, Ahmedabad",,,,,,,,,,,,,,,,,,,,,,,,,,
,1359526,Rajasthan Royals v Sunrisers Hyderabad,RR v SRH,"52nd Match (N), Indian Premier League at Jaipur, May 7 2023",RR,SRH,,,,,,,SRH,Starts at 19:30 local time,2023-05-07T14:00Z,2023-05-08T23:59Z,58162,"Sawai Mansingh Stadium, Jaipur",,,,,,,,,,,,,,,,,,,,,,,,,,
,1359527,Kolkata Knight Riders v Punjab Kings,KKR v PBKS,"53rd Match (N), Indian Premier League at Kolkata, May 8 2023",KKR,PBKS,,,,,,,PBKS,Starts at 19:30 local time,2023-05-08T14:00Z,2023-05-09T23:59Z,57980,"Eden Gardens, Kolkata",,,,,,,,,,,,,,,,,,,,,,,,,,
,1359528,Mumbai Indians v Royal Challengers Bangalore,MI v RCB,"54th Match (N), Indian Premier League at Mumbai, May 9 2023",MI,RCB,,,,,,,RCB,Starts at 19:30 local time,2023-05-09T14:00Z,2023-05-10T23:59Z,58324,"Wankhede Stadium, Mumbai",,,,,,,,,,,,,,,,,,,,,,,,,,
,1359529,Chennai Super Kings v Delhi Capitals,CSK v DC,"55th Match (N), Indian Premier League at Chennai, May 10 2023",CSK,DC,,,,,,,DC,Starts at 19:30 local time,2023-05-10T14:00Z,2023-05-11T23:59Z,58008,"MA Chidambaram Stadium, Chepauk, Chennai",,,,,,,,,,,,,,,,,,,,,,,,,,
,1359530,Kolkata Knight Riders v Rajasthan Royals,KKR v RR,"56th Match (N), Indian Premier League at Kolkata, May 11 2023",KKR,RR,,,,,,,RR,Starts at 19:30 local time,2023-05-11T14:00Z,2023-05-12T23:59Z,57980,"Eden Gardens, Kolkata",,,,,,,,,,,,,,,,,,,,,,,,,,
,1359531,Mumbai Indians v Gujarat Titans,MI v GT,"57th Match (N), Indian Premier League at Mumbai, May 12 2023",MI,GT,,,,,,,GT,Starts at 19:30 local time,2023-05-12T14:00Z,2023-05-13T23:59Z,58324,"Wankhede Stadium, Mumbai",,,,,,,,,,,,,,,,,,,,,,,,,,
,1359532,Sunrisers Hyderabad v Lucknow Super Giants,SRH v LSG,"58th Match (D/N), Indian Premier League at Hyderabad, May 13 2023",SRH,LSG,,,,,,,LSG,Starts at 15:30 local time,2023-05-13T10:00Z,2023-05-14T23:59Z,58142,"Rajiv Gandhi International Stadium, Uppal, Hyderabad",,,,,,,,,,,,,,,,,,,,,,,,,,
,1359533,Delhi Capitals v Punjab Kings,DC v PBKS,"59th Match (N), Indian Premier League at Delhi, May 13 2023",DC,PBKS,,,,,,,PBKS,Starts at 19:30 local time,2023-05-13T14:00Z,2023-05-14T23:59Z,58040,"Arun Jaitley Stadium, Delhi",,,,,,,,,,,,,,,,,,,,,,,,,,
,1359534,Rajasthan Royals v Royal Challengers Bangalore,RR v RCB,"60th Match (D/N), Indian Premier League at Jaipur, May 14 2023",RR,RCB,,,,,,,RCB,Starts at 15:30 local time,2023-05-14T10:00Z,2023-05-15T23:59Z,58162,"Sawai Mansingh Stadium, Jaipur",,,,,,,,,,,,,,,,,,,,,,,,,,
,1359535,Chennai Super Kings v Kolkata Knight Riders,CSK v KKR,"61st Match (N), Indian Premier League at Chennai, May 14 2023",CSK,KKR,,,,,,,KKR,Starts at 19:30 local time,2023-05-14T14:00Z,2023-05-15T23:59Z,58008,"MA Chidambaram Stadium, Chepauk, Chennai",,,,,,,,,,,,,,,,,,,,,,,,,,
,1359536,Gujarat Titans v Sunrisers Hyderabad,GT v SRH,"62nd Match (N), Indian Premier League at Ahmedabad, May 15 2023",GT,SRH,,,,,,,SRH,Starts at 19:30 local time,2023-05-15T14:00Z,2023-05-16T23:59Z,57851,"Narendra Modi Stadium, Motera, Ahmedabad",,,,,,,,,,,,,,,,,,,,,,,,,,
,1359537,Lucknow Super Giants v Mumbai Indians,LSG v MI,"63rd Match (N), Indian Premier League at Lucknow, May 16 2023",LSG,MI,,,,,,,MI,Starts at 19:30 local time,2023-05-16T14:00Z,2023-05-17T23:59Z,1070094,"Bharat Ratna Shri Atal Bihari Vajpayee Ekana Cricket Stadium, Lucknow",,,,,,,,,,,,,,,,,,,,,,,,,,
,1359538,Punjab Kings v Delhi Capitals,PBKS v DC,"64th Match (N), Indian Premier League at Dharamsala, May 17 2023",PBKS,DC,,,,,,,DC,Starts at 19:30 local time,2023-05-17T14:00Z,2023-05-18T23:59Z,58056,"Himachal Pradesh Cricket Association Stadium, Dharamsala",,,,,,,,,,,,,,,,,,,,,,,,,,
,1359539,Sunrisers Hyderabad v Royal Challengers Bangalore,SRH v RCB,"65th Match (N), Indian Premier League at Hyderabad, May 18 2023",SRH,RCB,,,,,,,RCB,Starts at 19:30 local time,2023-05-18T14:00Z,2023-05-19T23:59Z,58142,"Rajiv Gandhi International Stadium, Uppal, Hyderabad",,,,,,,,,,,,,,,,,,,,,,,,,,
,1359540,Punjab Kings v Rajasthan Royals,PBKS v RR,"66th Match (N), Indian Premier League at Dharamsala, May 19 2023",PBKS,RR,,,,,,,RR,Starts at 19:30 local time,2023-05-19T14:00Z,2023-05-20T23:59Z,58056,"Himachal Pradesh Cricket Association Stadium, Dharamsala",,,,,,,,,,,,,,,,,,,,,,,,,,
,1359541,Delhi Capitals v Chennai Super Kings,DC v CSK,"67th Match (D/N), Indian Premier League at Delhi, May 20 2023",DC,CSK,,,,,,,CSK,Starts at 15:30 local time,2023-05-20T10:00Z,2023-05-21T23:59Z,58040,"Arun Jaitley Stadium, Delhi",,,,,,,,,,,,,,,,,,,,,,,,,,
,1359542,Kolkata Knight Riders v Lucknow Super Giants,KKR v LSG,"68th Match (N), Indian Premier League at Kolkata, May 20 2023",KKR,LSG,,,,,,,LSG,Starts at 19:30 local time,2023-05-20T14:00Z,2023-05-21T23:59Z,57980,"Eden Gardens, Kolkata",,,,,,,,,,,,,,,,,,,,,,,,,,
,1359543,Mumbai Indians v Sunrisers Hyderabad,MI v SRH,"69th Match (D/N), Indian Premier League at Mumbai, May 21 2023",MI,SRH,,,,,,,SRH,Starts at 15:30 local time,2023-05-21T10:00Z,2023-05-22T23:59Z,58324,"Wankhede Stadium, Mumbai",,,,,,,,,,,,,,,,,,,,,,,,,,
,1359544,Royal Challengers Bangalore v Gujarat Titans,RCB v GT,"70th Match (N), Indian Premier League at Bengaluru, May 21 2023",RCB,GT,,,,,,,GT,Starts at 19:30 local time,2023-05-21T14:00Z,2023-05-22T23:59Z,57897,"M.Chinnaswamy Stadium, Bengaluru",,,,,,,,,,,,,,,,,,,,,,,,,,
2023,1359482,Rajasthan Royals v Punjab Kings,RR v PBKS,"8th Match (N), Indian Premier League at Guwahati, Apr 5 2023",RR,PBKS,Rajasthan Royals,BOWL FIRST,197/4,192/7,192/7,197/4,PBKS,Punjab Kings won by 5 runs,2023-04-05T14:00Z,2023-04-06T23:59Z,680295,"Barsapara Cricket Stadium, Guwahati",Sanju Samson,Shikhar Dhawan,Nathan Ellis,"Punjab Kings 2, Rajasthan Royals 0",False,20,192,7,23,20,197,4,26,"Dhawan, Ellis and Prabhsimran help Kings survive Impact Sub scare. The Royals youngster Jurel almost won it for them in the end as he went on a boundary-hitting spree with Hetmyer","Sanju Samson,Shimron Hetmyer","Jason Holder,Ravichandran Ashwin","Yashasvi Jaiswal (UKN),Ravichandran Ashwin (AR),Jos Buttler (UKN),Sanju Samson (WK),Devdutt Padikkal (UKN),Riyan Parag (UKN),Shimron Hetmyer (UKN),Dhruv Jurel (UKN),Jason Holder (AR),Trent Boult (BL),KM Asif (BL),Yuzvendra Chahal (BL)","Prabhsimran Singh (UKN),Shikhar Dhawan (UKN),Bhanuka Rajapaksa (UKN),Jitesh Sharma (WK),Sikandar Raza (AR),M Shahrukh Khan (UKN),Sam Curran (AR),Harpreet Brar (BL),Nathan Ellis (BL),Rahul Chahar (BL),Arshdeep Singh (BL),Rishi Dhawan (AR)","Shikhar Dhawan,Prabhsimran Singh","Nathan Ellis,Arshdeep Singh",05 April 2023 - night match (20-over match),KN Ananthapadmanabhan,Saidharshan Kumar,Rohan Pandit,Narayanan Kutty,Abhijit Bhattacharya
2023,1359481,Delhi Capitals v Gujarat Titans,DC v GT,"7th Match (N), Indian Premier League at Delhi, Apr 4 2023",DC,GT,Gujarat Titans,BOWL FIRST,162/8,163/4,162/8,163/4,GT,Titans won by 6 wkts (11b rem),2023-04-04T14:00Z,2023-04-05T23:59Z,58040,"Arun Jaitley Stadium, Delhi",David Warner,Hardik Pandya,Sai Sudharsan,"Gujarat Titans 2, Delhi Capitals 0",False,20,162,8,20,18.1,163,4,20,Sai Sudharsan sees Titans home after their quicks restrict Delhi Capitals. The defending champions have opened their title defence with two consecutive wins,"David Warner,Axar Patel","Anrich Nortje,Mitchell Marsh","David Warner (UKN),Prithvi Shaw (UKN),Mitchell Marsh (AR),Sarfaraz Khan (UKN),Rilee Rossouw (UKN),Abishek Porel (WK),Axar Patel (AR),Aman Hakim Khan (AR),Kuldeep Yadav (BL),Anrich Nortje (BL),Mukesh Kumar (BL),Khaleel Ahmed (BL)","Wriddhiman Saha (WK),Shubman Gill (UKN),Sai Sudharsan (UKN),Hardik Pandya (AR),Vijay Shankar (AR),David Miller (UKN),Rahul Tewatia (AR),Rashid Khan (AR),Alzarri Joseph (BL),Yash Dayal (BL),Mohammed Shami (BL),Josh Little (BL)","Sai Sudharsan,David Miller","Rashid Khan,Mohammed Shami",04 April 2023 - night match (20-over match),Nand Kishore,Sadashiv Iyer,Anil Chaudhary,Daniel Manohar,Madanagopal Kuppuraj
2023,1359480,Chennai Super Kings v Lucknow Super Giants,CSK v LSG,"6th Match (N), Indian Premier League at Chennai, Apr 3 2023",CSK,LSG,Lucknow Super Giants,BOWL FIRST,217/7,205/7,217/7,205/7,CSK,Super Kings won by 12 runs,2023-04-03T14:00Z,2023-04-04T23:59Z,58008,"MA Chidambaram Stadium, Chepauk, Chennai",MS Dhoni,KL Rahul,Moeen Ali,"Chennai Super Kings 2, Lucknow Super Giants 0",False,20,217,7,28,20,205,7,22,à®à¯à®©à¯à®©à¯ à®à¯à®ªà¯à®ªà®¾à®à¯à®à®®à¯à®®à¯ à®¤à¯à®©à®¿à®¯à¯à®®à¯: à®¤à¯à®à®°à¯à®®à¯ à®à®¾à®¤à®²à¯ à®à®¤à¯!. ,"Ruturaj Gaikwad,Devon Conway","Moeen Ali,Tushar Deshpande","Ruturaj Gaikwad (UKN),Devon Conway (UKN),Shivam Dube (AR),Moeen Ali (AR),Ben Stokes (AR),Ambati Rayudu (UKN),Ravindra Jadeja (AR),MS Dhoni (WK),Mitchell Santner (AR),Deepak Chahar (BL),Rajvardhan Hangargekar (AR),Tushar Deshpande (BL)","KL Rahul (UKN),Kyle Mayers (AR),Deepak Hooda (AR),Krunal Pandya (AR),Marcus Stoinis (AR),Nicholas Pooran (WK),Ayush Badoni (UKN),Krishnappa Gowtham (AR),Mark Wood (BL),Yash Thakur (BL),Ravi Bishnoi (BL),Avesh Khan (BL)","Kyle Mayers,Nicholas Pooran","Ravi Bishnoi,Mark Wood",03 April 2023 - night match (20-over match),Bruce Oxenford,Akshay Totre,Ulhas Gandhe,Manu Nayyar,Pranav Joshi
2023,1359479,Royal Challengers Bangalore v Mumbai Indians,RCB v MI,"5th Match (N), Indian Premier League at Bengaluru, Apr 2 2023",RCB,MI,Royal Challengers Bangalore,BOWL FIRST,171/7,172/2,172/2,171/7,RCB,RCB won by 8 wkts (22b rem),2023-04-02T14:00Z,2023-04-03T23:59Z,57897,"M.Chinnaswamy Stadium, Bengaluru",Faf du Plessis,Rohit Sharma,Faf du Plessis,"Royal Challengers Bangalore 2, Mumbai Indians 0",False,16.2,172,2,24,20,171,7,22,"Virat Kohli, Faf du Plessis help RCB brush aside Mumbai Indians. Tilak Varma's unbeaten 84 was the only positive for Mumbai as RCB romped home with 22 balls to spare","Virat Kohli,Faf du Plessis","Karn Sharma,Reece Topley","Virat Kohli (UKN),Faf du Plessis (UKN),Dinesh Karthik (WK),Glenn Maxwell (AR),Michael Bracewell (AR),Shahbaz Ahmed (AR),Harshal Patel (BL),Akash Deep (AR),Reece Topley (BL),Mohammed Siraj (BL),Karn Sharma (BL)","Rohit Sharma (UKN),Ishan Kishan (WK),Cameron Green (AR),Suryakumar Yadav (UKN),Tilak Varma (AR),Nehal Wadhera (UKN),Tim David (UKN),Hrithik Shokeen (BL),Arshad Khan (BL),Piyush Chawla (AR),Jofra Archer (BL),Jason Behrendorff (BL)","Tilak Varma,Nehal Wadhera","Arshad Khan,Cameron Green",02 April 2023 - night match (20-over match),Nitin Menon,Tapan Sharma,Virender Sharma,Javagal Srinath,Abhijit Bengeri
2023,1359478,Sunrisers Hyderabad v Rajasthan Royals,SRH v RR,"4th Match (D/N), Indian Premier League at Hyderabad, Apr 2 2023",SRH,RR,Sunrisers Hyderabad,BOWL FIRST,203/5,131/8,131/8,203/5,RR,Royals won by 72 runs,2023-04-02T10:00Z,2023-04-03T23:59Z,58142,"Rajiv Gandhi International Stadium, Uppal, Hyderabad",Bhuvneshwar Kumar,Sanju Samson,Jos Buttler,"Rajasthan Royals 2, Sunrisers Hyderabad 0",False,20,131,8,13,20,203,5,29,"à®à®à®¤à¯à®¤à®¿à®¯ à®ªà®à¯à®²à®°à¯, à®à®¹à®¾à®²à¯: à®ªà®à¯à®¤à¯à®²à¯à®µà®¿ à®à®£à¯à® à®à®©à¯à®°à¯à®à®°à¯à®¸à¯!. ","Abdul Samad,Mayank Agarwal","T Natarajan,Fazalhaq Farooqi","Abhishek Sharma (AR),Mayank Agarwal (UKN),Rahul Tripathi (UKN),Harry Brook (UKN),Washington Sundar (AR),Glenn Phillips (WK),Abdul Samad (UKN),Adil Rashid (BL),Bhuvneshwar Kumar (BL),Umran Malik (BL),T Natarajan (BL),Fazalhaq Farooqi (BL)","Yashasvi Jaiswal (UKN),Jos Buttler (UKN),Sanju Samson (WK),Devdutt Padikkal (UKN),Riyan Parag (UKN),Shimron Hetmyer (UKN),Ravichandran Ashwin (AR),Jason Holder (AR),Trent Boult (BL),KM Asif (BL),Yuzvendra Chahal (BL),Navdeep Saini (BL)","Sanju Samson,Yashasvi Jaiswal","Yuzvendra Chahal,Trent Boult",02 April 2023 - day/night match (20-over match),KN Ananthapadmanabhan,Rohan Pandit,Navdeep Singh,Narayanan Kutty,Abhijit Bhattacharya
2023,1359477,Lucknow Super Giants v Delhi Capitals,LSG v DC,"3rd Match (N), Indian Premier League at Lucknow, Apr 1 2023",LSG,DC,Delhi Capitals,BOWL FIRST,193/6,143/9,193/6,143/9,LSG,Super Giants won by 50 runs,2023-04-01T14:00Z,2023-04-02T23:59Z,1070094,"Bharat Ratna Shri Atal Bihari Vajpayee Ekana Cricket Stadium, Lucknow",KL Rahul,David Warner,Mark Wood,"Lucknow Super Giants 2, Delhi Capitals 0",False,20,193,6,21,20,143,9,17,"Wood five-for, Mayers 73 stud Super Giants' win. Capitals struggled against Super Giants' bowlers in the 194 chase on a challenging pitch","Kyle Mayers,Nicholas Pooran","Mark Wood,Avesh Khan","KL Rahul (UKN),Kyle Mayers (AR),Deepak Hooda (AR),Krunal Pandya (AR),Marcus Stoinis (AR),Nicholas Pooran (WK),Ayush Badoni (UKN),Krishnappa Gowtham (AR),Avesh Khan (BL),Ravi Bishnoi (BL),Jaydev Unadkat (BL),Mark Wood (BL)","Prithvi Shaw (UKN),David Warner (UKN),Mitchell Marsh (AR),Sarfaraz Khan (WK),Rilee Rossouw (UKN),Rovman Powell (UKN),Aman Hakim Khan (AR),Axar Patel (AR),Kuldeep Yadav (BL),Chetan Sakariya (BL),Mukesh Kumar (BL),Khaleel Ahmed (BL)","David Warner,Rilee Rossouw","Khaleel Ahmed,Chetan Sakariya",01 April 2023 - night match (20-over match),Anil Chaudhary,Nikhil Patwardhan,Sadashiv Iyer,Daniel Manohar,Madanagopal Kuppuraj
2023,1359476,Punjab Kings v Kolkata Knight Riders,PBKS v KKR,"2nd Match (D/N), Indian Premier League at Chandigarh, Apr 1 2023",PBKS,KKR,Kolkata Knight Riders,BOWL FIRST,191/5,146/7,191/5,146/7,PBKS,Punjab Kings won by 7 runs (DLS),2023-04-01T10:00Z,2023-04-02T23:59Z,57991,"Punjab Cricket Association IS Bindra Stadium, Mohali, Chandigarh",Shikhar Dhawan,Nitish Rana,Arshdeep Singh,"Punjab Kings 2, Kolkata Knight Riders 0",False,20,191,5,26,16,146,7,20,"Arshdeep, Rajapaksa lead Punjab Kings to victory in rain-hit game. Knight Riders, behind for most parts of the game, almost got to the DLS target thanks to Andre Russell and Venkatesh Iyer","Bhanuka Rajapaksa,Shikhar Dhawan","Arshdeep Singh,Rahul Chahar","Prabhsimran Singh (UKN),Shikhar Dhawan (UKN),Bhanuka Rajapaksa (UKN),Jitesh Sharma (WK),Sikandar Raza (AR),Sam Curran (AR),M Shahrukh Khan (UKN),Harpreet Brar (BL),Rahul Chahar (BL),Arshdeep Singh (BL),Nathan Ellis (BL),Rishi Dhawan (AR)","Mandeep Singh (AR),Rahmanullah Gurbaz (WK),Anukul Roy (AR),Venkatesh Iyer (AR),Nitish Rana (UKN),Rinku Singh (UKN),Andre Russell (AR),Shardul Thakur (BL),Sunil Narine (AR),Tim Southee (BL),Umesh Yadav (BL),Varun Chakravarthy (BL)","Andre Russell,Venkatesh Iyer","Tim Southee,Varun Chakravarthy",01 April 2023 - day/night match (20-over match),Yeshwant Barde,Bruce Oxenford,Jayaraman Madanagopal,Manu Nayyar,Pranav Joshi
2023,1359475,Gujarat Titans v Chennai Super Kings,GT v CSK,"1st Match (N), Indian Premier League at Ahmedabad, Mar 31 2023",GT,CSK,Gujarat Titans,BOWL FIRST,178/7,182/5,182/5,178/7,GT,Titans won by 5 wkts (4b rem),2023-03-31T14:00Z,2023-04-01T23:59Z,57851,"Narendra Modi Stadium, Motera, Ahmedabad",Hardik Pandya,MS Dhoni,Rashid Khan,"Gujarat Titans 2, Chennai Super Kings 0",False,19.2,182,5,23,20,178,7,23,"Gill, Rashid lead defending champions Gujarat Titans to victory in IPL 2023 opener. Ruturaj Gaikwad scored 92 but Chennai Super Kings managed only 178 in Ahmedabad","Shubman Gill,Vijay Shankar","Rashid Khan,Mohammed Shami","Wriddhiman Saha (WK),Shubman Gill (UKN),Sai Sudharsan (UKN),Hardik Pandya (AR),Vijay Shankar (AR),Rahul Tewatia (AR),Rashid Khan (AR),Mohammed Shami (BL),Josh Little (BL),Yash Dayal (BL),Alzarri Joseph (BL),Kane Williamson (UKN)","Devon Conway (UKN),Ruturaj Gaikwad (UKN),Moeen Ali (AR),Ben Stokes (AR),Ambati Rayudu (UKN),Shivam Dube (AR),Ravindra Jadeja (AR),MS Dhoni (WK),Mitchell Santner (AR),Deepak Chahar (BL),Rajvardhan Hangargekar (AR),Tushar Deshpande (BL)","Ruturaj Gaikwad,Moeen Ali","Rajvardhan Hangargekar,Ravindra Jadeja",31 March 2023 - night match (20-over match),Saiyed Khalid,Nitin Menon,Virender Sharma,Javagal Srinath,Abhijit Bengeri
